{
  "patchcore": {
    "per_seed_per_category_auroc": {
      "0": {
        "bottle": 1.0,
        "cable": 0.9896926536731634,
        "capsule": 0.9920223374551257,
        "carpet": 0.9863563402889246,
        "grid": 0.9899749373433584,
        "hazelnut": 1.0,
        "leather": 1.0,
        "metal_nut": 0.9990224828934506,
        "pill": 0.9399890889252591,
        "screw": 0.9631071940971511,
        "tile": 1.0,
        "toothbrush": 0.9166666666666666,
        "transistor": 0.9891666666666666,
        "wood": 0.9850877192982456,
        "zipper": 0.9779411764705882
      },
      "1": {
        "bottle": 1.0,
        "cable": 0.9857571214392804,
        "capsule": 0.9936178699641005,
        "carpet": 0.9871589085072231,
        "grid": 0.9866332497911445,
        "hazelnut": 1.0,
        "leather": 1.0,
        "metal_nut": 0.9975562072336266,
        "pill": 0.9446262956901255,
        "screw": 0.9585980733756917,
        "tile": 1.0,
        "toothbrush": 0.9138888888888889,
        "transistor": 0.99625,
        "wood": 0.9850877192982456,
        "zipper": 0.9774159663865546
      },
      "2": {
        "bottle": 1.0,
        "cable": 0.9880059970014993,
        "capsule": 0.9908256880733946,
        "carpet": 0.9859550561797753,
        "grid": 0.9849624060150376,
        "hazelnut": 1.0,
        "leather": 1.0,
        "metal_nut": 0.9980449657869013,
        "pill": 0.9459901800327333,
        "screw": 0.9647468743594999,
        "tile": 0.9992784992784993,
        "toothbrush": 0.9138888888888889,
        "transistor": 0.9925,
        "wood": 0.9859649122807017,
        "zipper": 0.975577731092437
      },
      "3": {
        "bottle": 1.0,
        "cable": 0.9846326836581709,
        "capsule": 0.9920223374551257,
        "carpet": 0.985553772070626,
        "grid": 0.9891395154553049,
        "hazelnut": 1.0,
        "leather": 1.0,
        "metal_nut": 0.9980449657869013,
        "pill": 0.9487179487179487,
        "screw": 0.9694609551137529,
        "tile": 0.9996392496392497,
        "toothbrush": 0.9138888888888889,
        "transistor": 0.9945833333333334,
        "wood": 0.9868421052631579,
        "zipper": 0.9771533613445378
      },
      "4": {
        "bottle": 1.0,
        "cable": 0.988568215892054,
        "capsule": 0.9932189868368568,
        "carpet": 0.9867576243980738,
        "grid": 0.9874686716791979,
        "hazelnut": 1.0,
        "leather": 1.0,
        "metal_nut": 0.9990224828934506,
        "pill": 0.944899072558647,
        "screw": 0.9620823939331831,
        "tile": 1.0,
        "toothbrush": 0.9111111111111111,
        "transistor": 0.9954166666666666,
        "wood": 0.9868421052631579,
        "zipper": 0.9742647058823529
      }
    },
    "pairwise_seed0_diff": {
      "bottle_seed0_vs_seed1": {
        "same_image_ids": true,
        "bit_identical_scores": false,
        "max_abs_score_diff": 0.05410081148147583
      },
      "bottle_seed0_vs_seed2": {
        "same_image_ids": true,
        "bit_identical_scores": false,
        "max_abs_score_diff": 0.043221622705459595
      },
      "bottle_seed0_vs_seed3": {
        "same_image_ids": true,
        "bit_identical_scores": false,
        "max_abs_score_diff": 0.02618160843849182
      },
      "bottle_seed0_vs_seed4": {
        "same_image_ids": true,
        "bit_identical_scores": false,
        "max_abs_score_diff": 0.031731605529785156
      },
      "cable_seed0_vs_seed1": {
        "same_image_ids": true,
        "bit_identical_scores": false,
        "max_abs_score_diff": 0.08105742931365967
      },
      "cable_seed0_vs_seed2": {
        "same_image_ids": true,
        "bit_identical_scores": false,
        "max_abs_score_diff": 0.07012462615966797
      },
      "cable_seed0_vs_seed3": {
        "same_image_ids": true,
        "bit_identical_scores": false,
        "max_abs_score_diff": 0.06341397762298584
      },
      "cable_seed0_vs_seed4": {
        "same_image_ids": true,
        "bit_identical_scores": false,
        "max_abs_score_diff": 0.06516474485397339
      },
      "capsule_seed0_vs_seed1": {
        "same_image_ids": true,
        "bit_identical_scores": false,
        "max_abs_score_diff": 0.06309962272644043
      },
      "capsule_seed0_vs_seed2": {
        "same_image_ids": true,
        "bit_identical_scores": false,
        "max_abs_score_diff": 0.037203192710876465
      },
      "capsule_seed0_vs_seed3": {
        "same_image_ids": true,
        "bit_identical_scores": false,
        "max_abs_score_diff": 0.05603969097137451
      },
      "capsule_seed0_vs_seed4": {
        "same_image_ids": true,
        "bit_identical_scores": false,
        "max_abs_score_diff": 0.061039239168167114
      },
      "carpet_seed0_vs_seed1": {
        "same_image_ids": true,
        "bit_identical_scores": false,
        "max_abs_score_diff": 0.042622923851013184
      },
      "carpet_seed0_vs_seed2": {
        "same_image_ids": true,
        "bit_identical_scores": false,
        "max_abs_score_diff": 0.03412473201751709
      },
      "carpet_seed0_vs_seed3": {
        "same_image_ids": true,
        "bit_identical_scores": false,
        "max_abs_score_diff": 0.0436728298664093
      },
      "carpet_seed0_vs_seed4": {
        "same_image_ids": true,
        "bit_identical_scores": false,
        "max_abs_score_diff": 0.027125775814056396
      },
      "grid_seed0_vs_seed1": {
        "same_image_ids": true,
        "bit_identical_scores": false,
        "max_abs_score_diff": 0.09979629516601562
      },
      "grid_seed0_vs_seed2": {
        "same_image_ids": true,
        "bit_identical_scores": false,
        "max_abs_score_diff": 0.08089834451675415
      },
      "grid_seed0_vs_seed3": {
        "same_image_ids": true,
        "bit_identical_scores": false,
        "max_abs_score_diff": 0.092487633228302
      },
      "grid_seed0_vs_seed4": {
        "same_image_ids": true,
        "bit_identical_scores": false,
        "max_abs_score_diff": 0.11527547240257263
      },
      "hazelnut_seed0_vs_seed1": {
        "same_image_ids": true,
        "bit_identical_scores": false,
        "max_abs_score_diff": 0.07361561059951782
      },
      "hazelnut_seed0_vs_seed2": {
        "same_image_ids": true,
        "bit_identical_scores": false,
        "max_abs_score_diff": 0.07652395963668823
      },
      "hazelnut_seed0_vs_seed3": {
        "same_image_ids": true,
        "bit_identical_scores": false,
        "max_abs_score_diff": 0.07032585144042969
      },
      "hazelnut_seed0_vs_seed4": {
        "same_image_ids": true,
        "bit_identical_scores": false,
        "max_abs_score_diff": 0.04252356290817261
      },
      "leather_seed0_vs_seed1": {
        "same_image_ids": true,
        "bit_identical_scores": false,
        "max_abs_score_diff": 0.02691650390625
      },
      "leather_seed0_vs_seed2": {
        "same_image_ids": true,
        "bit_identical_scores": false,
        "max_abs_score_diff": 0.03839385509490967
      },
      "leather_seed0_vs_seed3": {
        "same_image_ids": true,
        "bit_identical_scores": false,
        "max_abs_score_diff": 0.029726088047027588
      },
      "leather_seed0_vs_seed4": {
        "same_image_ids": true,
        "bit_identical_scores": false,
        "max_abs_score_diff": 0.027292907238006592
      },
      "metal_nut_seed0_vs_seed1": {
        "same_image_ids": true,
        "bit_identical_scores": false,
        "max_abs_score_diff": 0.08580833673477173
      },
      "metal_nut_seed0_vs_seed2": {
        "same_image_ids": true,
        "bit_identical_scores": false,
        "max_abs_score_diff": 0.0807303786277771
      },
      "metal_nut_seed0_vs_seed3": {
        "same_image_ids": true,
        "bit_identical_scores": false,
        "max_abs_score_diff": 0.09704017639160156
      },
      "metal_nut_seed0_vs_seed4": {
        "same_image_ids": true,
        "bit_identical_scores": false,