{"/root/autodl-tmp/MPDD/tubes/test/anomalous/000.png": 0.22025632858276367, "/root/autodl-tmp/MPDD/tubes/test/anomalous/001.png": 0.2153121829032898, "/root/autodl-tmp/MPDD/tubes/test/anomalous/002.png": 0.21086588501930237, "/root/autodl-tmp/MPDD/tubes/test/anomalous/003.png": 0.21339325606822968, "/root/autodl-tmp/MPDD/tubes/test/anomalous/004.png": 0.22048570215702057, "/root/autodl-tmp/MPDD/tubes/test/anomalous/005.png": 0.19914062321186066, "/root/autodl-tmp/MPDD/tubes/test/anomalous/006.png": 0.19670456647872925, "/root/autodl-tmp/MPDD/tubes/test/anomalous/007.png": 0.18993066251277924, "/root/autodl-tmp/MPDD/tubes/test/anomalous/008.png": 0.18664585053920746, "/root/autodl-tmp/MPDD/tubes/test/anomalous/009.png": 0.21153871715068817, "/root/autodl-tmp/MPDD/tubes/test/anomalous/010.png": 0.1914190649986267, "/root/autodl-tmp/MPDD/tubes/test/anomalous/011.png": 0.19547133147716522, "/root/autodl-tmp/MPDD/tubes/test/anomalous/012.png": 0.2052028775215149, "/root/autodl-tmp/MPDD/tubes/test/anomalous/013.png": 0.12106800824403763, "/root/autodl-tmp/MPDD/tubes/test/anomalous/014.png": 0.11017079651355743, "/root/autodl-tmp/MPDD/tubes/test/anomalous/015.png": 0.11278155446052551, "/root/autodl-tmp/MPDD/tubes/test/anomalous/016.png": 0.10436422377824783, "/root/autodl-tmp/MPDD/tubes/test/anomalous/017.png": 0.106700100004673, "/root/autodl-tmp/MPDD/tubes/test/anomalous/018.png": 0.10581804811954498, "/root/autodl-tmp/MPDD/tubes/test/anomalous/019.png": 0.14541582763195038, "/root/autodl-tmp/MPDD/tubes/test/anomalous/020.png": 0.14875730872154236, "/root/autodl-tmp/MPDD/tubes/test/anomalous/021.png": 0.1505681574344635, "/root/autodl-tmp/MPDD/tubes/test/anomalous/022.png": 0.157066211104393, "/root/autodl-tmp/MPDD/tubes/test/anomalous/023.png": 0.15584231913089752, "/root/autodl-tmp/MPDD/tubes/test/anomalous/024.png": 0.20098955929279327, "/root/autodl-tmp/MPDD/tubes/test/anomalous/025.png": 0.2132718563079834, "/root/autodl-tmp/MPDD/tubes/test/anomalous/026.png": 0.20471680164337158, "/root/autodl-tmp/MPDD/tubes/test/anomalous/027.png": 0.2083384245634079, "/root/autodl-tmp/MPDD/tubes/test/anomalous/028.png": 0.19880564510822296, "/root/autodl-tmp/MPDD/tubes/test/anomalous/029.png": 0.1968299001455307, "/root/autodl-tmp/MPDD/tubes/test/anomalous/030.png": 0.29361268877983093, "/root/autodl-tmp/MPDD/tubes/test/anomalous/031.png": 0.2811284363269806, "/root/autodl-tmp/MPDD/tubes/test/anomalous/032.png": 0.2777225971221924, "/root/autodl-tmp/MPDD/tubes/test/anomalous/033.png": 0.28665319085121155, "/root/autodl-tmp/MPDD/tubes/test/anomalous/034.png": 0.26722776889801025, "/root/autodl-tmp/MPDD/tubes/test/anomalous/035.png": 0.30826470255851746, "/root/autodl-tmp/MPDD/tubes/test/anomalous/036.png": 0.2970745861530304, "/root/autodl-tmp/MPDD/tubes/test/anomalous/037.png": 0.22054214775562286, "/root/autodl-tmp/MPDD/tubes/test/anomalous/038.png": 0.22534191608428955, "/root/autodl-tmp/MPDD/tubes/test/anomalous/039.png": 0.23104019463062286, "/root/autodl-tmp/MPDD/tubes/test/anomalous/040.png": 0.23367345333099365, "/root/autodl-tmp/MPDD/tubes/test/anomalous/041.png": 0.22054243087768555, "/root/autodl-tmp/MPDD/tubes/test/anomalous/042.png": 0.22534050047397614, "/root/autodl-tmp/MPDD/tubes/test/anomalous/043.png": 0.16241519153118134, "/root/autodl-tmp/MPDD/tubes/test/anomalous/044.png": 0.13259515166282654, "/root/autodl-tmp/MPDD/tubes/test/anomalous/045.png": 0.17872613668441772, "/root/autodl-tmp/MPDD/tubes/test/anomalous/046.png": 0.18772725760936737, "/root/autodl-tmp/MPDD/tubes/test/anomalous/047.png": 0.186798095703125, "/root/autodl-tmp/MPDD/tubes/test/anomalous/048.png": 0.1897221803665161, "/root/autodl-tmp/MPDD/tubes/test/anomalous/049.png": 0.2098499983549118, "/root/autodl-tmp/MPDD/tubes/test/anomalous/050.png": 0.19156132638454437, "/root/autodl-tmp/MPDD/tubes/test/anomalous/051.png": 0.1945715844631195, "/root/autodl-tmp/MPDD/tubes/test/anomalous/052.png": 0.19046498835086823, "/root/autodl-tmp/MPDD/tubes/test/anomalous/053.png": 0.23103852570056915, "/root/autodl-tmp/MPDD/tubes/test/anomalous/054.png": 0.20706307888031006, "/root/autodl-tmp/MPDD/tubes/test/anomalous/055.png": 0.20776893198490143, "/root/autodl-tmp/MPDD/tubes/test/anomalous/056.png": 0.2102864533662796, "/root/autodl-tmp/MPDD/tubes/test/anomalous/057.png": 0.19311539828777313, "/root/autodl-tmp/MPDD/tubes/test/anomalous/058.png": 0.17752471566200256, "/root/autodl-tmp/MPDD/tubes/test/anomalous/059.png": 0.17791058123111725, "/root/autodl-tmp/MPDD/tubes/test/anomalous/060.png": 0.16812285780906677, "/root/autodl-tmp/MPDD/tubes/test/anomalous/061.png": 0.14626538753509521, "/root/autodl-tmp/MPDD/tubes/test/anomalous/062.png": 0.24359217286109924, "/root/autodl-tmp/MPDD/tubes/test/anomalous/063.png": 0.265988290309906, "/root/autodl-tmp/MPDD/tubes/test/anomalous/064.png": 0.2103096842765808, "/root/autodl-tmp/MPDD/tubes/test/anomalous/065.png": 0.22468937933444977, "/root/autodl-tmp/MPDD/tubes/test/anomalous/066.png": 0.22864802181720734, "/root/autodl-tmp/MPDD/tubes/test/anomalous/067.png": 0.2275668978691101, "/root/autodl-tmp/MPDD/tubes/test/anomalous/068.png": 0.22977420687675476, "/root/autodl-tmp/MPDD/tubes/test/good/000.png": 0.10925230383872986, "/root/autodl-tmp/MPDD/tubes/test/good/001.png": 0.11678667366504669, "/root/autodl-tmp/MPDD/tubes/test/good/002.png": 0.10995964705944061, "/root/autodl-tmp/MPDD/tubes/test/good/003.png": 0.11257284879684448, "/root/autodl-tmp/MPDD/tubes/test/good/004.png": 0.11397912353277206, "/root/autodl-tmp/MPDD/tubes/test/good/005.png": 0.10992787033319473, "/root/autodl-tmp/MPDD/tubes/test/good/006.png": 0.0984438806772232, "/root/autodl-tmp/MPDD/tubes/test/good/007.png": 0.09909926354885101, "/root/autodl-tmp/MPDD/tubes/test/good/008.png": 0.10427354276180267, "/root/autodl-tmp/MPDD/tubes/test/good/009.png": 0.10688145458698273, "/root/autodl-tmp/MPDD/tubes/test/good/010.png": 0.10361939668655396, "/root/autodl-tmp/MPDD/tubes/test/good/011.png": 0.10503482818603516, "/root/autodl-tmp/MPDD/tubes/test/good/012.png": 0.11057683080434799, "/root/autodl-tmp/MPDD/tubes/test/good/013.png": 0.10721923410892487, "/root/autodl-tmp/MPDD/tubes/test/good/014.png": 0.12402765452861786, "/root/autodl-tmp/MPDD/tubes/test/good/015.png": 0.1237601712346077, "/root/autodl-tmp/MPDD/tubes/test/good/016.png": 0.1184372678399086, "/root/autodl-tmp/MPDD/tubes/test/good/017.png": 0.11439226567745209, "/root/autodl-tmp/MPDD/tubes/test/good/018.png": 0.12137050181627274, "/root/autodl-tmp/MPDD/tubes/test/good/019.png": 0.1177380308508873, "/root/autodl-tmp/MPDD/tubes/test/good/020.png": 0.11460088938474655, "/root/autodl-tmp/MPDD/tubes/test/good/021.png": 0.10978731513023376, "/root/autodl-tmp/MPDD/tubes/test/good/022.png": 0.11551667749881744, "/root/autodl-tmp/MPDD/tubes/test/good/023.png": 0.11300414800643921, "/root/autodl-tmp/MPDD/tubes/test/good/024.png": 0.11315665394067764, "/root/autodl-tmp/MPDD/tubes/test/good/025.png": 0.10970977693796158, "/root/autodl-tmp/MPDD/tubes/test/good/026.png": 0.10631068795919418, "/root/autodl-tmp/MPDD/tubes/test/good/027.png": 0.10621330142021179, "/root/autodl-tmp/MPDD/tubes/test/good/028.png": 0.10835112631320953, "/root/autodl-tmp/MPDD/tubes/test/good/029.png": 0.1033533439040184, "/root/autodl-tmp/MPDD/tubes/test/good/030.png": 0.10187054425477982, "/root/autodl-tmp/MPDD/tubes/test/good/031.png": 0.07273567467927933}