{"/root/autodl-tmp/MPDD/connector/test/good/000.png": 0.08214953541755676, "/root/autodl-tmp/MPDD/connector/test/good/001.png": 0.08913132548332214, "/root/autodl-tmp/MPDD/connector/test/good/002.png": 0.08124962449073792, "/root/autodl-tmp/MPDD/connector/test/good/003.png": 0.07934688776731491, "/root/autodl-tmp/MPDD/connector/test/good/004.png": 0.10596590489149094, "/root/autodl-tmp/MPDD/connector/test/good/005.png": 0.08180224895477295, "/root/autodl-tmp/MPDD/connector/test/good/006.png": 0.0996876060962677, "/root/autodl-tmp/MPDD/connector/test/good/007.png": 0.06927455216646194, "/root/autodl-tmp/MPDD/connector/test/good/008.png": 0.11553572863340378, "/root/autodl-tmp/MPDD/connector/test/good/009.png": 0.06199764832854271, "/root/autodl-tmp/MPDD/connector/test/good/010.png": 0.08895512670278549, "/root/autodl-tmp/MPDD/connector/test/good/011.png": 0.07008110731840134, "/root/autodl-tmp/MPDD/connector/test/good/012.png": 0.07674911618232727, "/root/autodl-tmp/MPDD/connector/test/good/013.png": 0.07916485518217087, "/root/autodl-tmp/MPDD/connector/test/good/014.png": 0.0866185873746872, "/root/autodl-tmp/MPDD/connector/test/good/015.png": 0.06208470091223717, "/root/autodl-tmp/MPDD/connector/test/good/016.png": 0.06773800402879715, "/root/autodl-tmp/MPDD/connector/test/good/017.png": 0.07144737988710403, "/root/autodl-tmp/MPDD/connector/test/good/018.png": 0.06940813362598419, "/root/autodl-tmp/MPDD/connector/test/good/019.png": 0.09363537281751633, "/root/autodl-tmp/MPDD/connector/test/good/020.png": 0.05313356593251228, "/root/autodl-tmp/MPDD/connector/test/good/021.png": 0.06938959658145905, "/root/autodl-tmp/MPDD/connector/test/good/022.png": 0.08239661902189255, "/root/autodl-tmp/MPDD/connector/test/good/023.png": 0.07051979750394821, "/root/autodl-tmp/MPDD/connector/test/good/024.png": 0.07478523254394531, "/root/autodl-tmp/MPDD/connector/test/good/025.png": 0.07293687015771866, "/root/autodl-tmp/MPDD/connector/test/good/026.png": 0.05756159871816635, "/root/autodl-tmp/MPDD/connector/test/good/027.png": 0.05642250180244446, "/root/autodl-tmp/MPDD/connector/test/good/028.png": 0.08586528152227402, "/root/autodl-tmp/MPDD/connector/test/good/029.png": 0.09074632823467255, "/root/autodl-tmp/MPDD/connector/test/parts_mismatch/000.png": 0.19831475615501404, "/root/autodl-tmp/MPDD/connector/test/parts_mismatch/001.png": 0.15304796397686005, "/root/autodl-tmp/MPDD/connector/test/parts_mismatch/002.png": 0.1538894772529602, "/root/autodl-tmp/MPDD/connector/test/parts_mismatch/003.png": 0.15752296149730682, "/root/autodl-tmp/MPDD/connector/test/parts_mismatch/004.png": 0.1758338212966919, "/root/autodl-tmp/MPDD/connector/test/parts_mismatch/005.png": 0.17514845728874207, "/root/autodl-tmp/MPDD/connector/test/parts_mismatch/006.png": 0.1706933230161667, "/root/autodl-tmp/MPDD/connector/test/parts_mismatch/007.png": 0.14291176199913025, "/root/autodl-tmp/MPDD/connector/test/parts_mismatch/008.png": 0.18010275065898895, "/root/autodl-tmp/MPDD/connector/test/parts_mismatch/009.png": 0.18080371618270874, "/root/autodl-tmp/MPDD/connector/test/parts_mismatch/010.png": 0.1904236376285553, "/root/autodl-tmp/MPDD/connector/test/parts_mismatch/011.png": 0.19019170105457306, "/root/autodl-tmp/MPDD/connector/test/parts_mismatch/012.png": 0.18750624358654022, "/root/autodl-tmp/MPDD/connector/test/parts_mismatch/013.png": 0.18347936868667603}