{"/root/autodl-tmp/MPDD/bracket_black/test/good/000.png": 0.09014729410409927, "/root/autodl-tmp/MPDD/bracket_black/test/good/001.png": 0.06290160119533539, "/root/autodl-tmp/MPDD/bracket_black/test/good/002.png": 0.07132507860660553, "/root/autodl-tmp/MPDD/bracket_black/test/good/003.png": 0.07580775767564774, "/root/autodl-tmp/MPDD/bracket_black/test/good/004.png": 0.06701592355966568, "/root/autodl-tmp/MPDD/bracket_black/test/good/005.png": 0.08200984448194504, "/root/autodl-tmp/MPDD/bracket_black/test/good/006.png": 0.05204586684703827, "/root/autodl-tmp/MPDD/bracket_black/test/good/007.png": 0.049535199999809265, "/root/autodl-tmp/MPDD/bracket_black/test/good/008.png": 0.06799378246068954, "/root/autodl-tmp/MPDD/bracket_black/test/good/009.png": 0.08213791996240616, "/root/autodl-tmp/MPDD/bracket_black/test/good/010.png": 0.06891176104545593, "/root/autodl-tmp/MPDD/bracket_black/test/good/011.png": 0.08829271793365479, "/root/autodl-tmp/MPDD/bracket_black/test/good/012.png": 0.06919250637292862, "/root/autodl-tmp/MPDD/bracket_black/test/good/013.png": 0.06723044067621231, "/root/autodl-tmp/MPDD/bracket_black/test/good/014.png": 0.0853978618979454, "/root/autodl-tmp/MPDD/bracket_black/test/good/015.png": 0.09437555074691772, "/root/autodl-tmp/MPDD/bracket_black/test/good/016.png": 0.06941550970077515, "/root/autodl-tmp/MPDD/bracket_black/test/good/017.png": 0.07019098103046417, "/root/autodl-tmp/MPDD/bracket_black/test/good/018.png": 0.08119203895330429, "/root/autodl-tmp/MPDD/bracket_black/test/good/019.png": 0.06165417283773422, "/root/autodl-tmp/MPDD/bracket_black/test/good/020.png": 0.07589007914066315, "/root/autodl-tmp/MPDD/bracket_black/test/good/021.png": 0.0564517118036747, "/root/autodl-tmp/MPDD/bracket_black/test/good/022.png": 0.07122515887022018, "/root/autodl-tmp/MPDD/bracket_black/test/good/023.png": 0.07109127938747406, "/root/autodl-tmp/MPDD/bracket_black/test/good/024.png": 0.06797473877668381, "/root/autodl-tmp/MPDD/bracket_black/test/good/025.png": 0.07349541038274765, "/root/autodl-tmp/MPDD/bracket_black/test/good/026.png": 0.08599389344453812, "/root/autodl-tmp/MPDD/bracket_black/test/good/027.png": 0.08761072903871536, "/root/autodl-tmp/MPDD/bracket_black/test/good/028.png": 0.054771482944488525, "/root/autodl-tmp/MPDD/bracket_black/test/good/029.png": 0.07663991302251816, "/root/autodl-tmp/MPDD/bracket_black/test/good/030.png": 0.06220664083957672, "/root/autodl-tmp/MPDD/bracket_black/test/good/031.png": 0.07712345570325851, "/root/autodl-tmp/MPDD/bracket_black/test/hole/000.png": 0.1320531815290451, "/root/autodl-tmp/MPDD/bracket_black/test/hole/001.png": 0.13157609105110168, "/root/autodl-tmp/MPDD/bracket_black/test/hole/002.png": 0.13689085841178894, "/root/autodl-tmp/MPDD/bracket_black/test/hole/003.png": 0.09991304576396942, "/root/autodl-tmp/MPDD/bracket_black/test/hole/004.png": 0.08604751527309418, "/root/autodl-tmp/MPDD/bracket_black/test/hole/005.png": 0.13262377679347992, "/root/autodl-tmp/MPDD/bracket_black/test/hole/006.png": 0.13601087033748627, "/root/autodl-tmp/MPDD/bracket_black/test/hole/007.png": 0.14473919570446014, "/root/autodl-tmp/MPDD/bracket_black/test/hole/008.png": 0.13972125947475433, "/root/autodl-tmp/MPDD/bracket_black/test/hole/009.png": 0.13286802172660828, "/root/autodl-tmp/MPDD/bracket_black/test/hole/010.png": 0.13441170752048492, "/root/autodl-tmp/MPDD/bracket_black/test/hole/011.png": 0.14238794147968292, "/root/autodl-tmp/MPDD/bracket_black/test/scratches/000.png": 0.1182272881269455, "/root/autodl-tmp/MPDD/bracket_black/test/scratches/001.png": 0.16441449522972107, "/root/autodl-tmp/MPDD/bracket_black/test/scratches/002.png": 0.1800319105386734, "/root/autodl-tmp/MPDD/bracket_black/test/scratches/003.png": 0.20981772243976593, "/root/autodl-tmp/MPDD/bracket_black/test/scratches/004.png": 0.1676529049873352, "/root/autodl-tmp/MPDD/bracket_black/test/scratches/005.png": 0.14136511087417603, "/root/autodl-tmp/MPDD/bracket_black/test/scratches/006.png": 0.16293171048164368, "/root/autodl-tmp/MPDD/bracket_black/test/scratches/007.png": 0.12535029649734497, "/root/autodl-tmp/MPDD/bracket_black/test/scratches/008.png": 0.13756699860095978, "/root/autodl-tmp/MPDD/bracket_black/test/scratches/009.png": 0.12330757826566696, "/root/autodl-tmp/MPDD/bracket_black/test/scratches/010.png": 0.12004802376031876, "/root/autodl-tmp/MPDD/bracket_black/test/scratches/011.png": 0.1346251219511032, "/root/autodl-tmp/MPDD/bracket_black/test/scratches/012.png": 0.12209118902683258, "/root/autodl-tmp/MPDD/bracket_black/test/scratches/013.png": 0.11423885822296143, "/root/autodl-tmp/MPDD/bracket_black/test/scratches/014.png": 0.09604544937610626, "/root/autodl-tmp/MPDD/bracket_black/test/scratches/015.png": 0.09638457000255585, "/root/autodl-tmp/MPDD/bracket_black/test/scratches/016.png": 0.1389467716217041, "/root/autodl-tmp/MPDD/bracket_black/test/scratches/017.png": 0.13928090035915375, "/root/autodl-tmp/MPDD/bracket_black/test/scratches/018.png": 0.13506239652633667, "/root/autodl-tmp/MPDD/bracket_black/test/scratches/019.png": 0.1315631866455078, "/root/autodl-tmp/MPDD/bracket_black/test/scratches/020.png": 0.12734390795230865, "/root/autodl-tmp/MPDD/bracket_black/test/scratches/021.png": 0.10422883182764053, "/root/autodl-tmp/MPDD/bracket_black/test/scratches/022.png": 0.09710724651813507, "/root/autodl-tmp/MPDD/bracket_black/test/scratches/023.png": 0.08811134099960327, "/root/autodl-tmp/MPDD/bracket_black/test/scratches/024.png": 0.09276654571294785, "/root/autodl-tmp/MPDD/bracket_black/test/scratches/025.png": 0.08167773485183716, "/root/autodl-tmp/MPDD/bracket_black/test/scratches/026.png": 0.07606422901153564, "/root/autodl-tmp/MPDD/bracket_black/test/scratches/027.png": 0.07138882577419281, "/root/autodl-tmp/MPDD/bracket_black/test/scratches/028.png": 0.07110795378684998, "/root/autodl-tmp/MPDD/bracket_black/test/scratches/029.png": 0.06810308247804642, "/root/autodl-tmp/MPDD/bracket_black/test/scratches/030.png": 0.08698537945747375, "/root/autodl-tmp/MPDD/bracket_black/test/scratches/031.png": 0.09805982559919357, "/root/autodl-tmp/MPDD/bracket_black/test/scratches/032.png": 0.08859515935182571, "/root/autodl-tmp/MPDD/bracket_black/test/scratches/033.png": 0.08324462920427322, "/root/autodl-tmp/MPDD/bracket_black/test/scratches/034.png": 0.08459927886724472}