{"/root/autodl-tmp/MPDD/tubes/test/anomalous/000.png": 0.23677782714366913, "/root/autodl-tmp/MPDD/tubes/test/anomalous/001.png": 0.2162654995918274, "/root/autodl-tmp/MPDD/tubes/test/anomalous/002.png": 0.2260691374540329, "/root/autodl-tmp/MPDD/tubes/test/anomalous/003.png": 0.22588086128234863, "/root/autodl-tmp/MPDD/tubes/test/anomalous/004.png": 0.22877630591392517, "/root/autodl-tmp/MPDD/tubes/test/anomalous/005.png": 0.20323321223258972, "/root/autodl-tmp/MPDD/tubes/test/anomalous/006.png": 0.20989122986793518, "/root/autodl-tmp/MPDD/tubes/test/anomalous/007.png": 0.18721598386764526, "/root/autodl-tmp/MPDD/tubes/test/anomalous/008.png": 0.1823345571756363, "/root/autodl-tmp/MPDD/tubes/test/anomalous/009.png": 0.20253540575504303, "/root/autodl-tmp/MPDD/tubes/test/anomalous/010.png": 0.18759441375732422, "/root/autodl-tmp/MPDD/tubes/test/anomalous/011.png": 0.19812226295471191, "/root/autodl-tmp/MPDD/tubes/test/anomalous/012.png": 0.21975289285182953, "/root/autodl-tmp/MPDD/tubes/test/anomalous/013.png": 0.12433833628892899, "/root/autodl-tmp/MPDD/tubes/test/anomalous/014.png": 0.10996384918689728, "/root/autodl-tmp/MPDD/tubes/test/anomalous/015.png": 0.1062193289399147, "/root/autodl-tmp/MPDD/tubes/test/anomalous/016.png": 0.10188630223274231, "/root/autodl-tmp/MPDD/tubes/test/anomalous/017.png": 0.10383593291044235, "/root/autodl-tmp/MPDD/tubes/test/anomalous/018.png": 0.10508599877357483, "/root/autodl-tmp/MPDD/tubes/test/anomalous/019.png": 0.14898066222667694, "/root/autodl-tmp/MPDD/tubes/test/anomalous/020.png": 0.14215482771396637, "/root/autodl-tmp/MPDD/tubes/test/anomalous/021.png": 0.15107814967632294, "/root/autodl-tmp/MPDD/tubes/test/anomalous/022.png": 0.15011194348335266, "/root/autodl-tmp/MPDD/tubes/test/anomalous/023.png": 0.1517261266708374, "/root/autodl-tmp/MPDD/tubes/test/anomalous/024.png": 0.2049100250005722, "/root/autodl-tmp/MPDD/tubes/test/anomalous/025.png": 0.21687300503253937, "/root/autodl-tmp/MPDD/tubes/test/anomalous/026.png": 0.21362924575805664, "/root/autodl-tmp/MPDD/tubes/test/anomalous/027.png": 0.21557219326496124, "/root/autodl-tmp/MPDD/tubes/test/anomalous/028.png": 0.19962751865386963, "/root/autodl-tmp/MPDD/tubes/test/anomalous/029.png": 0.21163436770439148, "/root/autodl-tmp/MPDD/tubes/test/anomalous/030.png": 0.3055490255355835, "/root/autodl-tmp/MPDD/tubes/test/anomalous/031.png": 0.30411165952682495, "/root/autodl-tmp/MPDD/tubes/test/anomalous/032.png": 0.28152352571487427, "/root/autodl-tmp/MPDD/tubes/test/anomalous/033.png": 0.2907775044441223, "/root/autodl-tmp/MPDD/tubes/test/anomalous/034.png": 0.28746339678764343, "/root/autodl-tmp/MPDD/tubes/test/anomalous/035.png": 0.3096144497394562, "/root/autodl-tmp/MPDD/tubes/test/anomalous/036.png": 0.30011409521102905, "/root/autodl-tmp/MPDD/tubes/test/anomalous/037.png": 0.2143268585205078, "/root/autodl-tmp/MPDD/tubes/test/anomalous/038.png": 0.2128639817237854, "/root/autodl-tmp/MPDD/tubes/test/anomalous/039.png": 0.21922534704208374, "/root/autodl-tmp/MPDD/tubes/test/anomalous/040.png": 0.2365446835756302, "/root/autodl-tmp/MPDD/tubes/test/anomalous/041.png": 0.209882453083992, "/root/autodl-tmp/MPDD/tubes/test/anomalous/042.png": 0.21153470873832703, "/root/autodl-tmp/MPDD/tubes/test/anomalous/043.png": 0.17059680819511414, "/root/autodl-tmp/MPDD/tubes/test/anomalous/044.png": 0.14442387223243713, "/root/autodl-tmp/MPDD/tubes/test/anomalous/045.png": 0.1937730759382248, "/root/autodl-tmp/MPDD/tubes/test/anomalous/046.png": 0.19963999092578888, "/root/autodl-tmp/MPDD/tubes/test/anomalous/047.png": 0.17873768508434296, "/root/autodl-tmp/MPDD/tubes/test/anomalous/048.png": 0.1977035403251648, "/root/autodl-tmp/MPDD/tubes/test/anomalous/049.png": 0.20972584187984467, "/root/autodl-tmp/MPDD/tubes/test/anomalous/050.png": 0.18608468770980835, "/root/autodl-tmp/MPDD/tubes/test/anomalous/051.png": 0.19259107112884521, "/root/autodl-tmp/MPDD/tubes/test/anomalous/052.png": 0.18516626954078674, "/root/autodl-tmp/MPDD/tubes/test/anomalous/053.png": 0.21900200843811035, "/root/autodl-tmp/MPDD/tubes/test/anomalous/054.png": 0.2184641808271408, "/root/autodl-tmp/MPDD/tubes/test/anomalous/055.png": 0.2101762443780899, "/root/autodl-tmp/MPDD/tubes/test/anomalous/056.png": 0.2100948691368103, "/root/autodl-tmp/MPDD/tubes/test/anomalous/057.png": 0.19764909148216248, "/root/autodl-tmp/MPDD/tubes/test/anomalous/058.png": 0.18072016537189484, "/root/autodl-tmp/MPDD/tubes/test/anomalous/059.png": 0.18423329293727875, "/root/autodl-tmp/MPDD/tubes/test/anomalous/060.png": 0.1718573123216629, "/root/autodl-tmp/MPDD/tubes/test/anomalous/061.png": 0.1520167887210846, "/root/autodl-tmp/MPDD/tubes/test/anomalous/062.png": 0.2290055900812149, "/root/autodl-tmp/MPDD/tubes/test/anomalous/063.png": 0.26729488372802734, "/root/autodl-tmp/MPDD/tubes/test/anomalous/064.png": 0.20562982559204102, "/root/autodl-tmp/MPDD/tubes/test/anomalous/065.png": 0.22861076891422272, "/root/autodl-tmp/MPDD/tubes/test/anomalous/066.png": 0.228593111038208, "/root/autodl-tmp/MPDD/tubes/test/anomalous/067.png": 0.23938414454460144, "/root/autodl-tmp/MPDD/tubes/test/anomalous/068.png": 0.2258869707584381, "/root/autodl-tmp/MPDD/tubes/test/good/000.png": 0.10451041907072067, "/root/autodl-tmp/MPDD/tubes/test/good/001.png": 0.12280258536338806, "/root/autodl-tmp/MPDD/tubes/test/good/002.png": 0.11346286535263062, "/root/autodl-tmp/MPDD/tubes/test/good/003.png": 0.11296819895505905, "/root/autodl-tmp/MPDD/tubes/test/good/004.png": 0.11108435690402985, "/root/autodl-tmp/MPDD/tubes/test/good/005.png": 0.10565615445375443, "/root/autodl-tmp/MPDD/tubes/test/good/006.png": 0.09491316974163055, "/root/autodl-tmp/MPDD/tubes/test/good/007.png": 0.09560473263263702, "/root/autodl-tmp/MPDD/tubes/test/good/008.png": 0.10798773169517517, "/root/autodl-tmp/MPDD/tubes/test/good/009.png": 0.10677614063024521, "/root/autodl-tmp/MPDD/tubes/test/good/010.png": 0.10569872707128525, "/root/autodl-tmp/MPDD/tubes/test/good/011.png": 0.10576345771551132, "/root/autodl-tmp/MPDD/tubes/test/good/012.png": 0.1160324439406395, "/root/autodl-tmp/MPDD/tubes/test/good/013.png": 0.10783280432224274, "/root/autodl-tmp/MPDD/tubes/test/good/014.png": 0.11804043501615524, "/root/autodl-tmp/MPDD/tubes/test/good/015.png": 0.11521627753973007, "/root/autodl-tmp/MPDD/tubes/test/good/016.png": 0.1191704124212265, "/root/autodl-tmp/MPDD/tubes/test/good/017.png": 0.1137489378452301, "/root/autodl-tmp/MPDD/tubes/test/good/018.png": 0.12138302624225616, "/root/autodl-tmp/MPDD/tubes/test/good/019.png": 0.11698508262634277, "/root/autodl-tmp/MPDD/tubes/test/good/020.png": 0.11495400965213776, "/root/autodl-tmp/MPDD/tubes/test/good/021.png": 0.10837197303771973, "/root/autodl-tmp/MPDD/tubes/test/good/022.png": 0.11361519992351532, "/root/autodl-tmp/MPDD/tubes/test/good/023.png": 0.11258232593536377, "/root/autodl-tmp/MPDD/tubes/test/good/024.png": 0.11345945298671722, "/root/autodl-tmp/MPDD/tubes/test/good/025.png": 0.11129119992256165, "/root/autodl-tmp/MPDD/tubes/test/good/026.png": 0.10937777161598206, "/root/autodl-tmp/MPDD/tubes/test/good/027.png": 0.10765186697244644, "/root/autodl-tmp/MPDD/tubes/test/good/028.png": 0.11344067752361298, "/root/autodl-tmp/MPDD/tubes/test/good/029.png": 0.10667549818754196, "/root/autodl-tmp/MPDD/tubes/test/good/030.png": 0.1022210493683815, "/root/autodl-tmp/MPDD/tubes/test/good/031.png": 0.07231691479682922}