{"/root/autodl-tmp/MPDD/bracket_black/test/good/000.png": 0.0909767672419548, "/root/autodl-tmp/MPDD/bracket_black/test/good/001.png": 0.05952830985188484, "/root/autodl-tmp/MPDD/bracket_black/test/good/002.png": 0.07021083682775497, "/root/autodl-tmp/MPDD/bracket_black/test/good/003.png": 0.07520332932472229, "/root/autodl-tmp/MPDD/bracket_black/test/good/004.png": 0.06714244931936264, "/root/autodl-tmp/MPDD/bracket_black/test/good/005.png": 0.0803438052535057, "/root/autodl-tmp/MPDD/bracket_black/test/good/006.png": 0.05160551518201828, "/root/autodl-tmp/MPDD/bracket_black/test/good/007.png": 0.04934418573975563, "/root/autodl-tmp/MPDD/bracket_black/test/good/008.png": 0.06917042285203934, "/root/autodl-tmp/MPDD/bracket_black/test/good/009.png": 0.08487769961357117, "/root/autodl-tmp/MPDD/bracket_black/test/good/010.png": 0.06860421597957611, "/root/autodl-tmp/MPDD/bracket_black/test/good/011.png": 0.08197393268346786, "/root/autodl-tmp/MPDD/bracket_black/test/good/012.png": 0.06743264198303223, "/root/autodl-tmp/MPDD/bracket_black/test/good/013.png": 0.06379850208759308, "/root/autodl-tmp/MPDD/bracket_black/test/good/014.png": 0.0857633724808693, "/root/autodl-tmp/MPDD/bracket_black/test/good/015.png": 0.0915534719824791, "/root/autodl-tmp/MPDD/bracket_black/test/good/016.png": 0.0687519758939743, "/root/autodl-tmp/MPDD/bracket_black/test/good/017.png": 0.07012911885976791, "/root/autodl-tmp/MPDD/bracket_black/test/good/018.png": 0.08130356669425964, "/root/autodl-tmp/MPDD/bracket_black/test/good/019.png": 0.05914450064301491, "/root/autodl-tmp/MPDD/bracket_black/test/good/020.png": 0.07757974416017532, "/root/autodl-tmp/MPDD/bracket_black/test/good/021.png": 0.05453113093972206, "/root/autodl-tmp/MPDD/bracket_black/test/good/022.png": 0.07120195031166077, "/root/autodl-tmp/MPDD/bracket_black/test/good/023.png": 0.0710088461637497, "/root/autodl-tmp/MPDD/bracket_black/test/good/024.png": 0.06830864399671555, "/root/autodl-tmp/MPDD/bracket_black/test/good/025.png": 0.07340794801712036, "/root/autodl-tmp/MPDD/bracket_black/test/good/026.png": 0.08740143477916718, "/root/autodl-tmp/MPDD/bracket_black/test/good/027.png": 0.0863778367638588, "/root/autodl-tmp/MPDD/bracket_black/test/good/028.png": 0.054348789155483246, "/root/autodl-tmp/MPDD/bracket_black/test/good/029.png": 0.07677146047353745, "/root/autodl-tmp/MPDD/bracket_black/test/good/030.png": 0.05986575037240982, "/root/autodl-tmp/MPDD/bracket_black/test/good/031.png": 0.07711628824472427, "/root/autodl-tmp/MPDD/bracket_black/test/hole/000.png": 0.13665352761745453, "/root/autodl-tmp/MPDD/bracket_black/test/hole/001.png": 0.13474798202514648, "/root/autodl-tmp/MPDD/bracket_black/test/hole/002.png": 0.12150125205516815, "/root/autodl-tmp/MPDD/bracket_black/test/hole/003.png": 0.1010744497179985, "/root/autodl-tmp/MPDD/bracket_black/test/hole/004.png": 0.08388283848762512, "/root/autodl-tmp/MPDD/bracket_black/test/hole/005.png": 0.12618359923362732, "/root/autodl-tmp/MPDD/bracket_black/test/hole/006.png": 0.14152877032756805, "/root/autodl-tmp/MPDD/bracket_black/test/hole/007.png": 0.14686281979084015, "/root/autodl-tmp/MPDD/bracket_black/test/hole/008.png": 0.14705295860767365, "/root/autodl-tmp/MPDD/bracket_black/test/hole/009.png": 0.13171657919883728, "/root/autodl-tmp/MPDD/bracket_black/test/hole/010.png": 0.14004521071910858, "/root/autodl-tmp/MPDD/bracket_black/test/hole/011.png": 0.14273811876773834, "/root/autodl-tmp/MPDD/bracket_black/test/scratches/000.png": 0.11210957169532776, "/root/autodl-tmp/MPDD/bracket_black/test/scratches/001.png": 0.15505866706371307, "/root/autodl-tmp/MPDD/bracket_black/test/scratches/002.png": 0.17459024488925934, "/root/autodl-tmp/MPDD/bracket_black/test/scratches/003.png": 0.2209165394306183, "/root/autodl-tmp/MPDD/bracket_black/test/scratches/004.png": 0.17254887521266937, "/root/autodl-tmp/MPDD/bracket_black/test/scratches/005.png": 0.14471016824245453, "/root/autodl-tmp/MPDD/bracket_black/test/scratches/006.png": 0.16670182347297668, "/root/autodl-tmp/MPDD/bracket_black/test/scratches/007.png": 0.12408344447612762, "/root/autodl-tmp/MPDD/bracket_black/test/scratches/008.png": 0.1422913521528244, "/root/autodl-tmp/MPDD/bracket_black/test/scratches/009.png": 0.12412001937627792, "/root/autodl-tmp/MPDD/bracket_black/test/scratches/010.png": 0.11829188466072083, "/root/autodl-tmp/MPDD/bracket_black/test/scratches/011.png": 0.13611803948879242, "/root/autodl-tmp/MPDD/bracket_black/test/scratches/012.png": 0.12112075090408325, "/root/autodl-tmp/MPDD/bracket_black/test/scratches/013.png": 0.10841406136751175, "/root/autodl-tmp/MPDD/bracket_black/test/scratches/014.png": 0.09402772039175034, "/root/autodl-tmp/MPDD/bracket_black/test/scratches/015.png": 0.09617398679256439, "/root/autodl-tmp/MPDD/bracket_black/test/scratches/016.png": 0.1313006728887558, "/root/autodl-tmp/MPDD/bracket_black/test/scratches/017.png": 0.13930541276931763, "/root/autodl-tmp/MPDD/bracket_black/test/scratches/018.png": 0.1384432315826416, "/root/autodl-tmp/MPDD/bracket_black/test/scratches/019.png": 0.13129252195358276, "/root/autodl-tmp/MPDD/bracket_black/test/scratches/020.png": 0.13234087824821472, "/root/autodl-tmp/MPDD/bracket_black/test/scratches/021.png": 0.10199514031410217, "/root/autodl-tmp/MPDD/bracket_black/test/scratches/022.png": 0.09057890623807907, "/root/autodl-tmp/MPDD/bracket_black/test/scratches/023.png": 0.08905819058418274, "/root/autodl-tmp/MPDD/bracket_black/test/scratches/024.png": 0.09248646348714828, "/root/autodl-tmp/MPDD/bracket_black/test/scratches/025.png": 0.08089027553796768, "/root/autodl-tmp/MPDD/bracket_black/test/scratches/026.png": 0.07509652525186539, "/root/autodl-tmp/MPDD/bracket_black/test/scratches/027.png": 0.0728146880865097, "/root/autodl-tmp/MPDD/bracket_black/test/scratches/028.png": 0.07209552824497223, "/root/autodl-tmp/MPDD/bracket_black/test/scratches/029.png": 0.0681619793176651, "/root/autodl-tmp/MPDD/bracket_black/test/scratches/030.png": 0.08554907888174057, "/root/autodl-tmp/MPDD/bracket_black/test/scratches/031.png": 0.0934266448020935, "/root/autodl-tmp/MPDD/bracket_black/test/scratches/032.png": 0.08708100020885468, "/root/autodl-tmp/MPDD/bracket_black/test/scratches/033.png": 0.07880325615406036, "/root/autodl-tmp/MPDD/bracket_black/test/scratches/034.png": 0.0797567367553711}