{"/root/autodl-tmp/MPDD/connector/test/good/000.png": 0.08374268561601639, "/root/autodl-tmp/MPDD/connector/test/good/001.png": 0.09326069056987762, "/root/autodl-tmp/MPDD/connector/test/good/002.png": 0.07836918532848358, "/root/autodl-tmp/MPDD/connector/test/good/003.png": 0.08199214935302734, "/root/autodl-tmp/MPDD/connector/test/good/004.png": 0.10568474978208542, "/root/autodl-tmp/MPDD/connector/test/good/005.png": 0.08098790049552917, "/root/autodl-tmp/MPDD/connector/test/good/006.png": 0.10169459134340286, "/root/autodl-tmp/MPDD/connector/test/good/007.png": 0.07083501666784286, "/root/autodl-tmp/MPDD/connector/test/good/008.png": 0.11282294243574142, "/root/autodl-tmp/MPDD/connector/test/good/009.png": 0.06162046641111374, "/root/autodl-tmp/MPDD/connector/test/good/010.png": 0.0896211788058281, "/root/autodl-tmp/MPDD/connector/test/good/011.png": 0.07122918218374252, "/root/autodl-tmp/MPDD/connector/test/good/012.png": 0.07794033735990524, "/root/autodl-tmp/MPDD/connector/test/good/013.png": 0.08132949471473694, "/root/autodl-tmp/MPDD/connector/test/good/014.png": 0.08665981143712997, "/root/autodl-tmp/MPDD/connector/test/good/015.png": 0.06354472041130066, "/root/autodl-tmp/MPDD/connector/test/good/016.png": 0.06917514652013779, "/root/autodl-tmp/MPDD/connector/test/good/017.png": 0.07182697206735611, "/root/autodl-tmp/MPDD/connector/test/good/018.png": 0.07093116641044617, "/root/autodl-tmp/MPDD/connector/test/good/019.png": 0.08993767946958542, "/root/autodl-tmp/MPDD/connector/test/good/020.png": 0.05341259762644768, "/root/autodl-tmp/MPDD/connector/test/good/021.png": 0.07235731929540634, "/root/autodl-tmp/MPDD/connector/test/good/022.png": 0.08406298607587814, "/root/autodl-tmp/MPDD/connector/test/good/023.png": 0.0681241825222969, "/root/autodl-tmp/MPDD/connector/test/good/024.png": 0.07516016066074371, "/root/autodl-tmp/MPDD/connector/test/good/025.png": 0.07208877801895142, "/root/autodl-tmp/MPDD/connector/test/good/026.png": 0.057863518595695496, "/root/autodl-tmp/MPDD/connector/test/good/027.png": 0.05542725324630737, "/root/autodl-tmp/MPDD/connector/test/good/028.png": 0.08778426796197891, "/root/autodl-tmp/MPDD/connector/test/good/029.png": 0.08842845261096954, "/root/autodl-tmp/MPDD/connector/test/parts_mismatch/000.png": 0.19560956954956055, "/root/autodl-tmp/MPDD/connector/test/parts_mismatch/001.png": 0.15519316494464874, "/root/autodl-tmp/MPDD/connector/test/parts_mismatch/002.png": 0.1594933122396469, "/root/autodl-tmp/MPDD/connector/test/parts_mismatch/003.png": 0.15241214632987976, "/root/autodl-tmp/MPDD/connector/test/parts_mismatch/004.png": 0.17769582569599152, "/root/autodl-tmp/MPDD/connector/test/parts_mismatch/005.png": 0.16844981908798218, "/root/autodl-tmp/MPDD/connector/test/parts_mismatch/006.png": 0.17268548905849457, "/root/autodl-tmp/MPDD/connector/test/parts_mismatch/007.png": 0.14945781230926514, "/root/autodl-tmp/MPDD/connector/test/parts_mismatch/008.png": 0.18190158903598785, "/root/autodl-tmp/MPDD/connector/test/parts_mismatch/009.png": 0.17512212693691254, "/root/autodl-tmp/MPDD/connector/test/parts_mismatch/010.png": 0.1917661428451538, "/root/autodl-tmp/MPDD/connector/test/parts_mismatch/011.png": 0.18613183498382568, "/root/autodl-tmp/MPDD/connector/test/parts_mismatch/012.png": 0.17508915066719055, "/root/autodl-tmp/MPDD/connector/test/parts_mismatch/013.png": 0.1829570233821869}