{"/root/autodl-tmp/MPDD/metal_plate/test/good/000.png": 0.13424405455589294, "/root/autodl-tmp/MPDD/metal_plate/test/good/001.png": 0.14033366739749908, "/root/autodl-tmp/MPDD/metal_plate/test/good/002.png": 0.15379710495471954, "/root/autodl-tmp/MPDD/metal_plate/test/good/003.png": 0.130711168050766, "/root/autodl-tmp/MPDD/metal_plate/test/good/004.png": 0.08990536630153656, "/root/autodl-tmp/MPDD/metal_plate/test/good/005.png": 0.11281260848045349, "/root/autodl-tmp/MPDD/metal_plate/test/good/006.png": 0.08880218118429184, "/root/autodl-tmp/MPDD/metal_plate/test/good/007.png": 0.08609839528799057, "/root/autodl-tmp/MPDD/metal_plate/test/good/008.png": 0.08990313857793808, "/root/autodl-tmp/MPDD/metal_plate/test/good/009.png": 0.10710302740335464, "/root/autodl-tmp/MPDD/metal_plate/test/good/010.png": 0.09657525271177292, "/root/autodl-tmp/MPDD/metal_plate/test/good/011.png": 0.10253513604402542, "/root/autodl-tmp/MPDD/metal_plate/test/good/012.png": 0.10024292767047882, "/root/autodl-tmp/MPDD/metal_plate/test/good/013.png": 0.09488832205533981, "/root/autodl-tmp/MPDD/metal_plate/test/good/014.png": 0.08783141523599625, "/root/autodl-tmp/MPDD/metal_plate/test/good/015.png": 0.10399637371301651, "/root/autodl-tmp/MPDD/metal_plate/test/good/016.png": 0.1136234700679779, "/root/autodl-tmp/MPDD/metal_plate/test/good/017.png": 0.09943100810050964, "/root/autodl-tmp/MPDD/metal_plate/test/good/018.png": 0.10598545521497726, "/root/autodl-tmp/MPDD/metal_plate/test/good/019.png": 0.11125462502241135, "/root/autodl-tmp/MPDD/metal_plate/test/good/020.png": 0.1109405979514122, "/root/autodl-tmp/MPDD/metal_plate/test/good/021.png": 0.10060480982065201, "/root/autodl-tmp/MPDD/metal_plate/test/good/022.png": 0.1054459661245346, "/root/autodl-tmp/MPDD/metal_plate/test/good/023.png": 0.10828836262226105, "/root/autodl-tmp/MPDD/metal_plate/test/good/024.png": 0.08779574930667877, "/root/autodl-tmp/MPDD/metal_plate/test/good/025.png": 0.099086694419384, "/root/autodl-tmp/MPDD/metal_plate/test/major_rust/000.png": 0.30270230770111084, "/root/autodl-tmp/MPDD/metal_plate/test/major_rust/001.png": 0.3011209964752197, "/root/autodl-tmp/MPDD/metal_plate/test/major_rust/002.png": 0.2984142601490021, "/root/autodl-tmp/MPDD/metal_plate/test/major_rust/003.png": 0.319997638463974, "/root/autodl-tmp/MPDD/metal_plate/test/major_rust/004.png": 0.2960814833641052, "/root/autodl-tmp/MPDD/metal_plate/test/major_rust/005.png": 0.2995743453502655, "/root/autodl-tmp/MPDD/metal_plate/test/major_rust/006.png": 0.3149830102920532, "/root/autodl-tmp/MPDD/metal_plate/test/major_rust/007.png": 0.32082968950271606, "/root/autodl-tmp/MPDD/metal_plate/test/major_rust/008.png": 0.31901443004608154, "/root/autodl-tmp/MPDD/metal_plate/test/major_rust/009.png": 0.30092906951904297, "/root/autodl-tmp/MPDD/metal_plate/test/major_rust/010.png": 0.2947866916656494, "/root/autodl-tmp/MPDD/metal_plate/test/major_rust/011.png": 0.31356680393218994, "/root/autodl-tmp/MPDD/metal_plate/test/major_rust/012.png": 0.32586050033569336, "/root/autodl-tmp/MPDD/metal_plate/test/major_rust/013.png": 0.3126266300678253, "/root/autodl-tmp/MPDD/metal_plate/test/scratches/000.png": 0.2911171019077301, "/root/autodl-tmp/MPDD/metal_plate/test/scratches/001.png": 0.3030906617641449, "/root/autodl-tmp/MPDD/metal_plate/test/scratches/002.png": 0.321487158536911, "/root/autodl-tmp/MPDD/metal_plate/test/scratches/003.png": 0.3286203444004059, "/root/autodl-tmp/MPDD/metal_plate/test/scratches/004.png": 0.428787499666214, "/root/autodl-tmp/MPDD/metal_plate/test/scratches/005.png": 0.4005413055419922, "/root/autodl-tmp/MPDD/metal_plate/test/scratches/006.png": 0.3676799237728119, "/root/autodl-tmp/MPDD/metal_plate/test/scratches/007.png": 0.36694586277008057, "/root/autodl-tmp/MPDD/metal_plate/test/scratches/008.png": 0.3860134482383728, "/root/autodl-tmp/MPDD/metal_plate/test/scratches/009.png": 0.39958831667900085, "/root/autodl-tmp/MPDD/metal_plate/test/scratches/010.png": 0.39258483052253723, "/root/autodl-tmp/MPDD/metal_plate/test/scratches/011.png": 0.3773263394832611, "/root/autodl-tmp/MPDD/metal_plate/test/scratches/012.png": 0.421546995639801, "/root/autodl-tmp/MPDD/metal_plate/test/scratches/013.png": 0.39166128635406494, "/root/autodl-tmp/MPDD/metal_plate/test/scratches/014.png": 0.2868841588497162, "/root/autodl-tmp/MPDD/metal_plate/test/scratches/015.png": 0.2979402244091034, "/root/autodl-tmp/MPDD/metal_plate/test/scratches/016.png": 0.3138469159603119, "/root/autodl-tmp/MPDD/metal_plate/test/scratches/017.png": 0.2928488254547119, "/root/autodl-tmp/MPDD/metal_plate/test/scratches/018.png": 0.32267341017723083, "/root/autodl-tmp/MPDD/metal_plate/test/scratches/019.png": 0.34176743030548096, "/root/autodl-tmp/MPDD/metal_plate/test/scratches/020.png": 0.28905603289604187, "/root/autodl-tmp/MPDD/metal_plate/test/scratches/021.png": 0.3546740710735321, "/root/autodl-tmp/MPDD/metal_plate/test/scratches/022.png": 0.37989702820777893, "/root/autodl-tmp/MPDD/metal_plate/test/scratches/023.png": 0.3836610019207001, "/root/autodl-tmp/MPDD/metal_plate/test/scratches/024.png": 0.3607912063598633, "/root/autodl-tmp/MPDD/metal_plate/test/scratches/025.png": 0.31018882989883423, "/root/autodl-tmp/MPDD/metal_plate/test/scratches/026.png": 0.30194011330604553, "/root/autodl-tmp/MPDD/metal_plate/test/scratches/027.png": 0.2958868145942688, "/root/autodl-tmp/MPDD/metal_plate/test/scratches/028.png": 0.304902046918869, "/root/autodl-tmp/MPDD/metal_plate/test/scratches/029.png": 0.3015511631965637, "/root/autodl-tmp/MPDD/metal_plate/test/scratches/030.png": 0.3231225907802582, "/root/autodl-tmp/MPDD/metal_plate/test/scratches/031.png": 0.32367315888404846, "/root/autodl-tmp/MPDD/metal_plate/test/scratches/032.png": 0.3103364408016205, "/root/autodl-tmp/MPDD/metal_plate/test/scratches/033.png": 0.32655569911003113, "/root/autodl-tmp/MPDD/metal_plate/test/total_rust/000.png": 0.30365991592407227, "/root/autodl-tmp/MPDD/metal_plate/test/total_rust/001.png": 0.28991496562957764, "/root/autodl-tmp/MPDD/metal_plate/test/total_rust/002.png": 0.3138605058193207, "/root/autodl-tmp/MPDD/metal_plate/test/total_rust/003.png": 0.3254515528678894, "/root/autodl-tmp/MPDD/metal_plate/test/total_rust/004.png": 0.31608450412750244, "/root/autodl-tmp/MPDD/metal_plate/test/total_rust/005.png": 0.34323084354400635, "/root/autodl-tmp/MPDD/metal_plate/test/total_rust/006.png": 0.34496867656707764, "/root/autodl-tmp/MPDD/metal_plate/test/total_rust/007.png": 0.32713380455970764, "/root/autodl-tmp/MPDD/metal_plate/test/total_rust/008.png": 0.3033582270145416, "/root/autodl-tmp/MPDD/metal_plate/test/total_rust/009.png": 0.3000051975250244, "/root/autodl-tmp/MPDD/metal_plate/test/total_rust/010.png": 0.3042411804199219, "/root/autodl-tmp/MPDD/metal_plate/test/total_rust/011.png": 0.3071611821651459, "/root/autodl-tmp/MPDD/metal_plate/test/total_rust/012.png": 0.3108205795288086, "/root/autodl-tmp/MPDD/metal_plate/test/total_rust/013.png": 0.2844650149345398, "/root/autodl-tmp/MPDD/metal_plate/test/total_rust/014.png": 0.29815754294395447, "/root/autodl-tmp/MPDD/metal_plate/test/total_rust/015.png": 0.2485765814781189, "/root/autodl-tmp/MPDD/metal_plate/test/total_rust/016.png": 0.2853160500526428, "/root/autodl-tmp/MPDD/metal_plate/test/total_rust/017.png": 0.25225454568862915, "/root/autodl-tmp/MPDD/metal_plate/test/total_rust/018.png": 0.29486075043678284, "/root/autodl-tmp/MPDD/metal_plate/test/total_rust/019.png": 0.33450132608413696, "/root/autodl-tmp/MPDD/metal_plate/test/total_rust/020.png": 0.3196406066417694, "/root/autodl-tmp/MPDD/metal_plate/test/total_rust/021.png": 0.29486528038978577, "/root/autodl-tmp/MPDD/metal_plate/test/total_rust/022.png": 0.3217802345752716}