{"/root/autodl-tmp/MPDD/bracket_black/test/good/000.png": 0.08847338706254959, "/root/autodl-tmp/MPDD/bracket_black/test/good/001.png": 0.05993795022368431, "/root/autodl-tmp/MPDD/bracket_black/test/good/002.png": 0.07026918977499008, "/root/autodl-tmp/MPDD/bracket_black/test/good/003.png": 0.07644996047019958, "/root/autodl-tmp/MPDD/bracket_black/test/good/004.png": 0.06960439682006836, "/root/autodl-tmp/MPDD/bracket_black/test/good/005.png": 0.08014226704835892, "/root/autodl-tmp/MPDD/bracket_black/test/good/006.png": 0.04940813407301903, "/root/autodl-tmp/MPDD/bracket_black/test/good/007.png": 0.04942724108695984, "/root/autodl-tmp/MPDD/bracket_black/test/good/008.png": 0.0710100382566452, "/root/autodl-tmp/MPDD/bracket_black/test/good/009.png": 0.0900939330458641, "/root/autodl-tmp/MPDD/bracket_black/test/good/010.png": 0.06806261837482452, "/root/autodl-tmp/MPDD/bracket_black/test/good/011.png": 0.08619184792041779, "/root/autodl-tmp/MPDD/bracket_black/test/good/012.png": 0.06640523672103882, "/root/autodl-tmp/MPDD/bracket_black/test/good/013.png": 0.06568888574838638, "/root/autodl-tmp/MPDD/bracket_black/test/good/014.png": 0.08319453150033951, "/root/autodl-tmp/MPDD/bracket_black/test/good/015.png": 0.09072378277778625, "/root/autodl-tmp/MPDD/bracket_black/test/good/016.png": 0.0706450566649437, "/root/autodl-tmp/MPDD/bracket_black/test/good/017.png": 0.0722864493727684, "/root/autodl-tmp/MPDD/bracket_black/test/good/018.png": 0.08197268098592758, "/root/autodl-tmp/MPDD/bracket_black/test/good/019.png": 0.05977201461791992, "/root/autodl-tmp/MPDD/bracket_black/test/good/020.png": 0.07521729171276093, "/root/autodl-tmp/MPDD/bracket_black/test/good/021.png": 0.05463559553027153, "/root/autodl-tmp/MPDD/bracket_black/test/good/022.png": 0.07041367888450623, "/root/autodl-tmp/MPDD/bracket_black/test/good/023.png": 0.07217498868703842, "/root/autodl-tmp/MPDD/bracket_black/test/good/024.png": 0.06828194111585617, "/root/autodl-tmp/MPDD/bracket_black/test/good/025.png": 0.07579445093870163, "/root/autodl-tmp/MPDD/bracket_black/test/good/026.png": 0.08689771592617035, "/root/autodl-tmp/MPDD/bracket_black/test/good/027.png": 0.08676296472549438, "/root/autodl-tmp/MPDD/bracket_black/test/good/028.png": 0.055598728358745575, "/root/autodl-tmp/MPDD/bracket_black/test/good/029.png": 0.07811041921377182, "/root/autodl-tmp/MPDD/bracket_black/test/good/030.png": 0.0596952959895134, "/root/autodl-tmp/MPDD/bracket_black/test/good/031.png": 0.07330922037363052, "/root/autodl-tmp/MPDD/bracket_black/test/hole/000.png": 0.13081273436546326, "/root/autodl-tmp/MPDD/bracket_black/test/hole/001.png": 0.13222922384738922, "/root/autodl-tmp/MPDD/bracket_black/test/hole/002.png": 0.12648063898086548, "/root/autodl-tmp/MPDD/bracket_black/test/hole/003.png": 0.09849560260772705, "/root/autodl-tmp/MPDD/bracket_black/test/hole/004.png": 0.08585233241319656, "/root/autodl-tmp/MPDD/bracket_black/test/hole/005.png": 0.1231706365942955, "/root/autodl-tmp/MPDD/bracket_black/test/hole/006.png": 0.13636521995067596, "/root/autodl-tmp/MPDD/bracket_black/test/hole/007.png": 0.14160722494125366, "/root/autodl-tmp/MPDD/bracket_black/test/hole/008.png": 0.13842807710170746, "/root/autodl-tmp/MPDD/bracket_black/test/hole/009.png": 0.13914135098457336, "/root/autodl-tmp/MPDD/bracket_black/test/hole/010.png": 0.1354290246963501, "/root/autodl-tmp/MPDD/bracket_black/test/hole/011.png": 0.1368822157382965, "/root/autodl-tmp/MPDD/bracket_black/test/scratches/000.png": 0.11686582863330841, "/root/autodl-tmp/MPDD/bracket_black/test/scratches/001.png": 0.15490271151065826, "/root/autodl-tmp/MPDD/bracket_black/test/scratches/002.png": 0.18111908435821533, "/root/autodl-tmp/MPDD/bracket_black/test/scratches/003.png": 0.22569282352924347, "/root/autodl-tmp/MPDD/bracket_black/test/scratches/004.png": 0.1723577082157135, "/root/autodl-tmp/MPDD/bracket_black/test/scratches/005.png": 0.1466572880744934, "/root/autodl-tmp/MPDD/bracket_black/test/scratches/006.png": 0.16178518533706665, "/root/autodl-tmp/MPDD/bracket_black/test/scratches/007.png": 0.12647223472595215, "/root/autodl-tmp/MPDD/bracket_black/test/scratches/008.png": 0.13729126751422882, "/root/autodl-tmp/MPDD/bracket_black/test/scratches/009.png": 0.1286124736070633, "/root/autodl-tmp/MPDD/bracket_black/test/scratches/010.png": 0.11839094012975693, "/root/autodl-tmp/MPDD/bracket_black/test/scratches/011.png": 0.13572855293750763, "/root/autodl-tmp/MPDD/bracket_black/test/scratches/012.png": 0.1224038302898407, "/root/autodl-tmp/MPDD/bracket_black/test/scratches/013.png": 0.10973531752824783, "/root/autodl-tmp/MPDD/bracket_black/test/scratches/014.png": 0.09677240997552872, "/root/autodl-tmp/MPDD/bracket_black/test/scratches/015.png": 0.10131747275590897, "/root/autodl-tmp/MPDD/bracket_black/test/scratches/016.png": 0.1341969519853592, "/root/autodl-tmp/MPDD/bracket_black/test/scratches/017.png": 0.1366564929485321, "/root/autodl-tmp/MPDD/bracket_black/test/scratches/018.png": 0.1335626244544983, "/root/autodl-tmp/MPDD/bracket_black/test/scratches/019.png": 0.13068701326847076, "/root/autodl-tmp/MPDD/bracket_black/test/scratches/020.png": 0.12580665946006775, "/root/autodl-tmp/MPDD/bracket_black/test/scratches/021.png": 0.1071181446313858, "/root/autodl-tmp/MPDD/bracket_black/test/scratches/022.png": 0.10090947151184082, "/root/autodl-tmp/MPDD/bracket_black/test/scratches/023.png": 0.09126027673482895, "/root/autodl-tmp/MPDD/bracket_black/test/scratches/024.png": 0.09151142090559006, "/root/autodl-tmp/MPDD/bracket_black/test/scratches/025.png": 0.08113275468349457, "/root/autodl-tmp/MPDD/bracket_black/test/scratches/026.png": 0.07496340572834015, "/root/autodl-tmp/MPDD/bracket_black/test/scratches/027.png": 0.07162000238895416, "/root/autodl-tmp/MPDD/bracket_black/test/scratches/028.png": 0.07071499526500702, "/root/autodl-tmp/MPDD/bracket_black/test/scratches/029.png": 0.06824655830860138, "/root/autodl-tmp/MPDD/bracket_black/test/scratches/030.png": 0.0861455425620079, "/root/autodl-tmp/MPDD/bracket_black/test/scratches/031.png": 0.09985419362783432, "/root/autodl-tmp/MPDD/bracket_black/test/scratches/032.png": 0.09178918600082397, "/root/autodl-tmp/MPDD/bracket_black/test/scratches/033.png": 0.0816688984632492, "/root/autodl-tmp/MPDD/bracket_black/test/scratches/034.png": 0.0825318694114685}