{"/root/autodl-tmp/MPDD/connector/test/good/000.png": 0.08537815511226654, "/root/autodl-tmp/MPDD/connector/test/good/001.png": 0.09272322058677673, "/root/autodl-tmp/MPDD/connector/test/good/002.png": 0.08018732815980911, "/root/autodl-tmp/MPDD/connector/test/good/003.png": 0.08054935932159424, "/root/autodl-tmp/MPDD/connector/test/good/004.png": 0.10770238190889359, "/root/autodl-tmp/MPDD/connector/test/good/005.png": 0.08183830231428146, "/root/autodl-tmp/MPDD/connector/test/good/006.png": 0.10388139635324478, "/root/autodl-tmp/MPDD/connector/test/good/007.png": 0.07156071811914444, "/root/autodl-tmp/MPDD/connector/test/good/008.png": 0.11250129342079163, "/root/autodl-tmp/MPDD/connector/test/good/009.png": 0.062144674360752106, "/root/autodl-tmp/MPDD/connector/test/good/010.png": 0.09063947945833206, "/root/autodl-tmp/MPDD/connector/test/good/011.png": 0.07256807386875153, "/root/autodl-tmp/MPDD/connector/test/good/012.png": 0.07936340570449829, "/root/autodl-tmp/MPDD/connector/test/good/013.png": 0.08159444481134415, "/root/autodl-tmp/MPDD/connector/test/good/014.png": 0.08582177013158798, "/root/autodl-tmp/MPDD/connector/test/good/015.png": 0.06291744112968445, "/root/autodl-tmp/MPDD/connector/test/good/016.png": 0.06911827623844147, "/root/autodl-tmp/MPDD/connector/test/good/017.png": 0.0729755163192749, "/root/autodl-tmp/MPDD/connector/test/good/018.png": 0.07310023158788681, "/root/autodl-tmp/MPDD/connector/test/good/019.png": 0.0928005576133728, "/root/autodl-tmp/MPDD/connector/test/good/020.png": 0.0536370649933815, "/root/autodl-tmp/MPDD/connector/test/good/021.png": 0.07047384977340698, "/root/autodl-tmp/MPDD/connector/test/good/022.png": 0.08217836171388626, "/root/autodl-tmp/MPDD/connector/test/good/023.png": 0.0694560781121254, "/root/autodl-tmp/MPDD/connector/test/good/024.png": 0.07538989186286926, "/root/autodl-tmp/MPDD/connector/test/good/025.png": 0.0718245729804039, "/root/autodl-tmp/MPDD/connector/test/good/026.png": 0.05880938842892647, "/root/autodl-tmp/MPDD/connector/test/good/027.png": 0.05674060061573982, "/root/autodl-tmp/MPDD/connector/test/good/028.png": 0.08874918520450592, "/root/autodl-tmp/MPDD/connector/test/good/029.png": 0.09109386056661606, "/root/autodl-tmp/MPDD/connector/test/parts_mismatch/000.png": 0.19426974654197693, "/root/autodl-tmp/MPDD/connector/test/parts_mismatch/001.png": 0.16189630329608917, "/root/autodl-tmp/MPDD/connector/test/parts_mismatch/002.png": 0.16199743747711182, "/root/autodl-tmp/MPDD/connector/test/parts_mismatch/003.png": 0.15159037709236145, "/root/autodl-tmp/MPDD/connector/test/parts_mismatch/004.png": 0.17550629377365112, "/root/autodl-tmp/MPDD/connector/test/parts_mismatch/005.png": 0.17340421676635742, "/root/autodl-tmp/MPDD/connector/test/parts_mismatch/006.png": 0.17118893563747406, "/root/autodl-tmp/MPDD/connector/test/parts_mismatch/007.png": 0.15581439435482025, "/root/autodl-tmp/MPDD/connector/test/parts_mismatch/008.png": 0.18012794852256775, "/root/autodl-tmp/MPDD/connector/test/parts_mismatch/009.png": 0.17643208801746368, "/root/autodl-tmp/MPDD/connector/test/parts_mismatch/010.png": 0.18727973103523254, "/root/autodl-tmp/MPDD/connector/test/parts_mismatch/011.png": 0.18969257175922394, "/root/autodl-tmp/MPDD/connector/test/parts_mismatch/012.png": 0.1831393837928772, "/root/autodl-tmp/MPDD/connector/test/parts_mismatch/013.png": 0.18367831408977509}