{"/root/autodl-tmp/MPDD/metal_plate/test/good/000.png": 0.1320396363735199, "/root/autodl-tmp/MPDD/metal_plate/test/good/001.png": 0.14224271476268768, "/root/autodl-tmp/MPDD/metal_plate/test/good/002.png": 0.14521077275276184, "/root/autodl-tmp/MPDD/metal_plate/test/good/003.png": 0.12334655225276947, "/root/autodl-tmp/MPDD/metal_plate/test/good/004.png": 0.09053827077150345, "/root/autodl-tmp/MPDD/metal_plate/test/good/005.png": 0.11003825813531876, "/root/autodl-tmp/MPDD/metal_plate/test/good/006.png": 0.0914720818400383, "/root/autodl-tmp/MPDD/metal_plate/test/good/007.png": 0.08727604895830154, "/root/autodl-tmp/MPDD/metal_plate/test/good/008.png": 0.08882150799036026, "/root/autodl-tmp/MPDD/metal_plate/test/good/009.png": 0.10785768181085587, "/root/autodl-tmp/MPDD/metal_plate/test/good/010.png": 0.09306403249502182, "/root/autodl-tmp/MPDD/metal_plate/test/good/011.png": 0.10171791911125183, "/root/autodl-tmp/MPDD/metal_plate/test/good/012.png": 0.10190385580062866, "/root/autodl-tmp/MPDD/metal_plate/test/good/013.png": 0.09685539454221725, "/root/autodl-tmp/MPDD/metal_plate/test/good/014.png": 0.08826694637537003, "/root/autodl-tmp/MPDD/metal_plate/test/good/015.png": 0.0994710698723793, "/root/autodl-tmp/MPDD/metal_plate/test/good/016.png": 0.11572963744401932, "/root/autodl-tmp/MPDD/metal_plate/test/good/017.png": 0.09974097460508347, "/root/autodl-tmp/MPDD/metal_plate/test/good/018.png": 0.1043805181980133, "/root/autodl-tmp/MPDD/metal_plate/test/good/019.png": 0.10525313764810562, "/root/autodl-tmp/MPDD/metal_plate/test/good/020.png": 0.10837956517934799, "/root/autodl-tmp/MPDD/metal_plate/test/good/021.png": 0.10029851645231247, "/root/autodl-tmp/MPDD/metal_plate/test/good/022.png": 0.10462334007024765, "/root/autodl-tmp/MPDD/metal_plate/test/good/023.png": 0.10509643703699112, "/root/autodl-tmp/MPDD/metal_plate/test/good/024.png": 0.09228436648845673, "/root/autodl-tmp/MPDD/metal_plate/test/good/025.png": 0.09658284485340118, "/root/autodl-tmp/MPDD/metal_plate/test/major_rust/000.png": 0.30908533930778503, "/root/autodl-tmp/MPDD/metal_plate/test/major_rust/001.png": 0.31530290842056274, "/root/autodl-tmp/MPDD/metal_plate/test/major_rust/002.png": 0.30292659997940063, "/root/autodl-tmp/MPDD/metal_plate/test/major_rust/003.png": 0.3226659297943115, "/root/autodl-tmp/MPDD/metal_plate/test/major_rust/004.png": 0.2936198115348816, "/root/autodl-tmp/MPDD/metal_plate/test/major_rust/005.png": 0.2968674600124359, "/root/autodl-tmp/MPDD/metal_plate/test/major_rust/006.png": 0.3230629861354828, "/root/autodl-tmp/MPDD/metal_plate/test/major_rust/007.png": 0.31806954741477966, "/root/autodl-tmp/MPDD/metal_plate/test/major_rust/008.png": 0.31971192359924316, "/root/autodl-tmp/MPDD/metal_plate/test/major_rust/009.png": 0.3081744313240051, "/root/autodl-tmp/MPDD/metal_plate/test/major_rust/010.png": 0.29379841685295105, "/root/autodl-tmp/MPDD/metal_plate/test/major_rust/011.png": 0.30196672677993774, "/root/autodl-tmp/MPDD/metal_plate/test/major_rust/012.png": 0.3294801115989685, "/root/autodl-tmp/MPDD/metal_plate/test/major_rust/013.png": 0.3114638924598694, "/root/autodl-tmp/MPDD/metal_plate/test/scratches/000.png": 0.29139265418052673, "/root/autodl-tmp/MPDD/metal_plate/test/scratches/001.png": 0.30197495222091675, "/root/autodl-tmp/MPDD/metal_plate/test/scratches/002.png": 0.3270019590854645, "/root/autodl-tmp/MPDD/metal_plate/test/scratches/003.png": 0.33312276005744934, "/root/autodl-tmp/MPDD/metal_plate/test/scratches/004.png": 0.39392387866973877, "/root/autodl-tmp/MPDD/metal_plate/test/scratches/005.png": 0.3887118995189667, "/root/autodl-tmp/MPDD/metal_plate/test/scratches/006.png": 0.3730243444442749, "/root/autodl-tmp/MPDD/metal_plate/test/scratches/007.png": 0.3588069975376129, "/root/autodl-tmp/MPDD/metal_plate/test/scratches/008.png": 0.37079116702079773, "/root/autodl-tmp/MPDD/metal_plate/test/scratches/009.png": 0.39537930488586426, "/root/autodl-tmp/MPDD/metal_plate/test/scratches/010.png": 0.38998040556907654, "/root/autodl-tmp/MPDD/metal_plate/test/scratches/011.png": 0.37692591547966003, "/root/autodl-tmp/MPDD/metal_plate/test/scratches/012.png": 0.40188002586364746, "/root/autodl-tmp/MPDD/metal_plate/test/scratches/013.png": 0.38015106320381165, "/root/autodl-tmp/MPDD/metal_plate/test/scratches/014.png": 0.2880725562572479, "/root/autodl-tmp/MPDD/metal_plate/test/scratches/015.png": 0.2920956611633301, "/root/autodl-tmp/MPDD/metal_plate/test/scratches/016.png": 0.32112011313438416, "/root/autodl-tmp/MPDD/metal_plate/test/scratches/017.png": 0.2923814058303833, "/root/autodl-tmp/MPDD/metal_plate/test/scratches/018.png": 0.32191213965415955, "/root/autodl-tmp/MPDD/metal_plate/test/scratches/019.png": 0.3444141149520874, "/root/autodl-tmp/MPDD/metal_plate/test/scratches/020.png": 0.3056984841823578, "/root/autodl-tmp/MPDD/metal_plate/test/scratches/021.png": 0.3598615229129791, "/root/autodl-tmp/MPDD/metal_plate/test/scratches/022.png": 0.3757876455783844, "/root/autodl-tmp/MPDD/metal_plate/test/scratches/023.png": 0.3813748061656952, "/root/autodl-tmp/MPDD/metal_plate/test/scratches/024.png": 0.3547285497188568, "/root/autodl-tmp/MPDD/metal_plate/test/scratches/025.png": 0.3347434103488922, "/root/autodl-tmp/MPDD/metal_plate/test/scratches/026.png": 0.30741357803344727, "/root/autodl-tmp/MPDD/metal_plate/test/scratches/027.png": 0.2969978153705597, "/root/autodl-tmp/MPDD/metal_plate/test/scratches/028.png": 0.30995216965675354, "/root/autodl-tmp/MPDD/metal_plate/test/scratches/029.png": 0.2971516251564026, "/root/autodl-tmp/MPDD/metal_plate/test/scratches/030.png": 0.33415845036506653, "/root/autodl-tmp/MPDD/metal_plate/test/scratches/031.png": 0.3295605480670929, "/root/autodl-tmp/MPDD/metal_plate/test/scratches/032.png": 0.31307339668273926, "/root/autodl-tmp/MPDD/metal_plate/test/scratches/033.png": 0.3176288604736328, "/root/autodl-tmp/MPDD/metal_plate/test/total_rust/000.png": 0.30919745564460754, "/root/autodl-tmp/MPDD/metal_plate/test/total_rust/001.png": 0.29355889558792114, "/root/autodl-tmp/MPDD/metal_plate/test/total_rust/002.png": 0.31503960490226746, "/root/autodl-tmp/MPDD/metal_plate/test/total_rust/003.png": 0.3269207775592804, "/root/autodl-tmp/MPDD/metal_plate/test/total_rust/004.png": 0.3243497610092163, "/root/autodl-tmp/MPDD/metal_plate/test/total_rust/005.png": 0.3398101031780243, "/root/autodl-tmp/MPDD/metal_plate/test/total_rust/006.png": 0.34565672278404236, "/root/autodl-tmp/MPDD/metal_plate/test/total_rust/007.png": 0.326204389333725, "/root/autodl-tmp/MPDD/metal_plate/test/total_rust/008.png": 0.30249089002609253, "/root/autodl-tmp/MPDD/metal_plate/test/total_rust/009.png": 0.298153281211853, "/root/autodl-tmp/MPDD/metal_plate/test/total_rust/010.png": 0.3075715899467468, "/root/autodl-tmp/MPDD/metal_plate/test/total_rust/011.png": 0.3098604381084442, "/root/autodl-tmp/MPDD/metal_plate/test/total_rust/012.png": 0.3134714663028717, "/root/autodl-tmp/MPDD/metal_plate/test/total_rust/013.png": 0.29648926854133606, "/root/autodl-tmp/MPDD/metal_plate/test/total_rust/014.png": 0.31315821409225464, "/root/autodl-tmp/MPDD/metal_plate/test/total_rust/015.png": 0.24766792356967926, "/root/autodl-tmp/MPDD/metal_plate/test/total_rust/016.png": 0.28259870409965515, "/root/autodl-tmp/MPDD/metal_plate/test/total_rust/017.png": 0.26152265071868896, "/root/autodl-tmp/MPDD/metal_plate/test/total_rust/018.png": 0.3068425953388214, "/root/autodl-tmp/MPDD/metal_plate/test/total_rust/019.png": 0.3333602249622345, "/root/autodl-tmp/MPDD/metal_plate/test/total_rust/020.png": 0.3189184367656708, "/root/autodl-tmp/MPDD/metal_plate/test/total_rust/021.png": 0.29350408911705017, "/root/autodl-tmp/MPDD/metal_plate/test/total_rust/022.png": 0.3219453990459442}