{"/root/autodl-tmp/MPDD/tubes/test/anomalous/000.png": 0.2215995490550995, "/root/autodl-tmp/MPDD/tubes/test/anomalous/001.png": 0.22147512435913086, "/root/autodl-tmp/MPDD/tubes/test/anomalous/002.png": 0.22963634133338928, "/root/autodl-tmp/MPDD/tubes/test/anomalous/003.png": 0.22986915707588196, "/root/autodl-tmp/MPDD/tubes/test/anomalous/004.png": 0.2455800473690033, "/root/autodl-tmp/MPDD/tubes/test/anomalous/005.png": 0.21127566695213318, "/root/autodl-tmp/MPDD/tubes/test/anomalous/006.png": 0.20485077798366547, "/root/autodl-tmp/MPDD/tubes/test/anomalous/007.png": 0.19099125266075134, "/root/autodl-tmp/MPDD/tubes/test/anomalous/008.png": 0.18797406554222107, "/root/autodl-tmp/MPDD/tubes/test/anomalous/009.png": 0.20616674423217773, "/root/autodl-tmp/MPDD/tubes/test/anomalous/010.png": 0.20126143097877502, "/root/autodl-tmp/MPDD/tubes/test/anomalous/011.png": 0.20285047590732574, "/root/autodl-tmp/MPDD/tubes/test/anomalous/012.png": 0.2080022394657135, "/root/autodl-tmp/MPDD/tubes/test/anomalous/013.png": 0.12342280149459839, "/root/autodl-tmp/MPDD/tubes/test/anomalous/014.png": 0.11021216213703156, "/root/autodl-tmp/MPDD/tubes/test/anomalous/015.png": 0.11323235183954239, "/root/autodl-tmp/MPDD/tubes/test/anomalous/016.png": 0.10666073113679886, "/root/autodl-tmp/MPDD/tubes/test/anomalous/017.png": 0.10804160684347153, "/root/autodl-tmp/MPDD/tubes/test/anomalous/018.png": 0.1019517034292221, "/root/autodl-tmp/MPDD/tubes/test/anomalous/019.png": 0.14780381321907043, "/root/autodl-tmp/MPDD/tubes/test/anomalous/020.png": 0.14314262568950653, "/root/autodl-tmp/MPDD/tubes/test/anomalous/021.png": 0.1463197022676468, "/root/autodl-tmp/MPDD/tubes/test/anomalous/022.png": 0.15460848808288574, "/root/autodl-tmp/MPDD/tubes/test/anomalous/023.png": 0.15602484345436096, "/root/autodl-tmp/MPDD/tubes/test/anomalous/024.png": 0.20163480937480927, "/root/autodl-tmp/MPDD/tubes/test/anomalous/025.png": 0.21539032459259033, "/root/autodl-tmp/MPDD/tubes/test/anomalous/026.png": 0.20321166515350342, "/root/autodl-tmp/MPDD/tubes/test/anomalous/027.png": 0.20984679460525513, "/root/autodl-tmp/MPDD/tubes/test/anomalous/028.png": 0.21017703413963318, "/root/autodl-tmp/MPDD/tubes/test/anomalous/029.png": 0.2132834941148758, "/root/autodl-tmp/MPDD/tubes/test/anomalous/030.png": 0.3021739721298218, "/root/autodl-tmp/MPDD/tubes/test/anomalous/031.png": 0.27266761660575867, "/root/autodl-tmp/MPDD/tubes/test/anomalous/032.png": 0.27708789706230164, "/root/autodl-tmp/MPDD/tubes/test/anomalous/033.png": 0.276955783367157, "/root/autodl-tmp/MPDD/tubes/test/anomalous/034.png": 0.287991464138031, "/root/autodl-tmp/MPDD/tubes/test/anomalous/035.png": 0.3035843074321747, "/root/autodl-tmp/MPDD/tubes/test/anomalous/036.png": 0.28294432163238525, "/root/autodl-tmp/MPDD/tubes/test/anomalous/037.png": 0.21896329522132874, "/root/autodl-tmp/MPDD/tubes/test/anomalous/038.png": 0.21958515048027039, "/root/autodl-tmp/MPDD/tubes/test/anomalous/039.png": 0.22525031864643097, "/root/autodl-tmp/MPDD/tubes/test/anomalous/040.png": 0.24532166123390198, "/root/autodl-tmp/MPDD/tubes/test/anomalous/041.png": 0.2090238332748413, "/root/autodl-tmp/MPDD/tubes/test/anomalous/042.png": 0.21943950653076172, "/root/autodl-tmp/MPDD/tubes/test/anomalous/043.png": 0.1574666053056717, "/root/autodl-tmp/MPDD/tubes/test/anomalous/044.png": 0.13490232825279236, "/root/autodl-tmp/MPDD/tubes/test/anomalous/045.png": 0.19590654969215393, "/root/autodl-tmp/MPDD/tubes/test/anomalous/046.png": 0.20253436267375946, "/root/autodl-tmp/MPDD/tubes/test/anomalous/047.png": 0.17552338540554047, "/root/autodl-tmp/MPDD/tubes/test/anomalous/048.png": 0.1873842477798462, "/root/autodl-tmp/MPDD/tubes/test/anomalous/049.png": 0.2065354287624359, "/root/autodl-tmp/MPDD/tubes/test/anomalous/050.png": 0.19112569093704224, "/root/autodl-tmp/MPDD/tubes/test/anomalous/051.png": 0.19208067655563354, "/root/autodl-tmp/MPDD/tubes/test/anomalous/052.png": 0.18760210275650024, "/root/autodl-tmp/MPDD/tubes/test/anomalous/053.png": 0.21914109587669373, "/root/autodl-tmp/MPDD/tubes/test/anomalous/054.png": 0.2199895977973938, "/root/autodl-tmp/MPDD/tubes/test/anomalous/055.png": 0.2152378261089325, "/root/autodl-tmp/MPDD/tubes/test/anomalous/056.png": 0.21579991281032562, "/root/autodl-tmp/MPDD/tubes/test/anomalous/057.png": 0.20062562823295593, "/root/autodl-tmp/MPDD/tubes/test/anomalous/058.png": 0.18316762149333954, "/root/autodl-tmp/MPDD/tubes/test/anomalous/059.png": 0.18307320773601532, "/root/autodl-tmp/MPDD/tubes/test/anomalous/060.png": 0.17306090891361237, "/root/autodl-tmp/MPDD/tubes/test/anomalous/061.png": 0.15137207508087158, "/root/autodl-tmp/MPDD/tubes/test/anomalous/062.png": 0.24268515408039093, "/root/autodl-tmp/MPDD/tubes/test/anomalous/063.png": 0.2824881374835968, "/root/autodl-tmp/MPDD/tubes/test/anomalous/064.png": 0.20933830738067627, "/root/autodl-tmp/MPDD/tubes/test/anomalous/065.png": 0.22829799354076385, "/root/autodl-tmp/MPDD/tubes/test/anomalous/066.png": 0.2335834503173828, "/root/autodl-tmp/MPDD/tubes/test/anomalous/067.png": 0.23623031377792358, "/root/autodl-tmp/MPDD/tubes/test/anomalous/068.png": 0.22633923590183258, "/root/autodl-tmp/MPDD/tubes/test/good/000.png": 0.10818630456924438, "/root/autodl-tmp/MPDD/tubes/test/good/001.png": 0.11647576838731766, "/root/autodl-tmp/MPDD/tubes/test/good/002.png": 0.11049935221672058, "/root/autodl-tmp/MPDD/tubes/test/good/003.png": 0.11197374761104584, "/root/autodl-tmp/MPDD/tubes/test/good/004.png": 0.11336440593004227, "/root/autodl-tmp/MPDD/tubes/test/good/005.png": 0.11343683302402496, "/root/autodl-tmp/MPDD/tubes/test/good/006.png": 0.10089440643787384, "/root/autodl-tmp/MPDD/tubes/test/good/007.png": 0.10121084004640579, "/root/autodl-tmp/MPDD/tubes/test/good/008.png": 0.10991109907627106, "/root/autodl-tmp/MPDD/tubes/test/good/009.png": 0.10854233801364899, "/root/autodl-tmp/MPDD/tubes/test/good/010.png": 0.10568903386592865, "/root/autodl-tmp/MPDD/tubes/test/good/011.png": 0.10619492828845978, "/root/autodl-tmp/MPDD/tubes/test/good/012.png": 0.11491561681032181, "/root/autodl-tmp/MPDD/tubes/test/good/013.png": 0.11183734983205795, "/root/autodl-tmp/MPDD/tubes/test/good/014.png": 0.11665882170200348, "/root/autodl-tmp/MPDD/tubes/test/good/015.png": 0.1198028102517128, "/root/autodl-tmp/MPDD/tubes/test/good/016.png": 0.12131581455469131, "/root/autodl-tmp/MPDD/tubes/test/good/017.png": 0.11527162790298462, "/root/autodl-tmp/MPDD/tubes/test/good/018.png": 0.12516681849956512, "/root/autodl-tmp/MPDD/tubes/test/good/019.png": 0.11788272112607956, "/root/autodl-tmp/MPDD/tubes/test/good/020.png": 0.11035680770874023, "/root/autodl-tmp/MPDD/tubes/test/good/021.png": 0.10972194373607635, "/root/autodl-tmp/MPDD/tubes/test/good/022.png": 0.11433006823062897, "/root/autodl-tmp/MPDD/tubes/test/good/023.png": 0.11623069643974304, "/root/autodl-tmp/MPDD/tubes/test/good/024.png": 0.11534269899129868, "/root/autodl-tmp/MPDD/tubes/test/good/025.png": 0.11049561202526093, "/root/autodl-tmp/MPDD/tubes/test/good/026.png": 0.10871618986129761, "/root/autodl-tmp/MPDD/tubes/test/good/027.png": 0.10715688765048981, "/root/autodl-tmp/MPDD/tubes/test/good/028.png": 0.10912976413965225, "/root/autodl-tmp/MPDD/tubes/test/good/029.png": 0.10838508605957031, "/root/autodl-tmp/MPDD/tubes/test/good/030.png": 0.10648056119680405, "/root/autodl-tmp/MPDD/tubes/test/good/031.png": 0.07382036745548248}