{
  "certifiability_floors": {
    "bottle": {
      "n_cal_defect": 32,
      "n_cal_good": 10,
      "alpha_min_g1": 0.030303030303030304,
      "alpha_min_g2": 0.09090909090909091,
      "g1_certified": true,
      "g2_certified": false
    },
    "cable": {
      "n_cal_defect": 46,
      "n_cal_good": 29,
      "alpha_min_g1": 0.02127659574468085,
      "alpha_min_g2": 0.03333333333333333,
      "g1_certified": true,
      "g2_certified": true
    },
    "capsule": {
      "n_cal_defect": 54,
      "n_cal_good": 12,
      "alpha_min_g1": 0.01818181818181818,
      "alpha_min_g2": 0.07692307692307693,
      "g1_certified": true,
      "g2_certified": false
    },
    "carpet": {
      "n_cal_defect": 44,
      "n_cal_good": 14,
      "alpha_min_g1": 0.022222222222222223,
      "alpha_min_g2": 0.06666666666666667,
      "g1_certified": true,
      "g2_certified": false
    },
    "grid": {
      "n_cal_defect": 28,
      "n_cal_good": 10,
      "alpha_min_g1": 0.034482758620689655,
      "alpha_min_g2": 0.09090909090909091,
      "g1_certified": true,
      "g2_certified": false
    },
    "hazelnut": {
      "n_cal_defect": 35,
      "n_cal_good": 20,
      "alpha_min_g1": 0.027777777777777776,
      "alpha_min_g2": 0.047619047619047616,
      "g1_certified": true,
      "g2_certified": true
    },
    "leather": {
      "n_cal_defect": 46,
      "n_cal_good": 16,
      "alpha_min_g1": 0.02127659574468085,
      "alpha_min_g2": 0.058823529411764705,
      "g1_certified": true,
      "g2_certified": false
    },
    "metal_nut": {
      "n_cal_defect": 46,
      "n_cal_good": 11,
      "alpha_min_g1": 0.02127659574468085,
      "alpha_min_g2": 0.08333333333333333,
      "g1_certified": true,
      "g2_certified": false
    },
    "pill": {
      "n_cal_defect": 70,
      "n_cal_good": 13,
      "alpha_min_g1": 0.014084507042253521,
      "alpha_min_g2": 0.07142857142857142,
      "g1_certified": true,
      "g2_certified": false
    },
    "screw": {
      "n_cal_defect": 60,
      "n_cal_good": 20,
      "alpha_min_g1": 0.01639344262295082,
      "alpha_min_g2": 0.047619047619047616,
      "g1_certified": true,
      "g2_certified": true
    },
    "tile": {
      "n_cal_defect": 42,
      "n_cal_good": 16,
      "alpha_min_g1": 0.023255813953488372,
      "alpha_min_g2": 0.058823529411764705,
      "g1_certified": true,
      "g2_certified": false
    },
    "toothbrush": {
      "n_cal_defect": 15,
      "n_cal_good": 6,
      "alpha_min_g1": 0.0625,
      "alpha_min_g2": 0.14285714285714285,
      "g1_certified": true,
      "g2_certified": false
    },
    "transistor": {
      "n_cal_defect": 20,
      "n_cal_good": 30,
      "alpha_min_g1": 0.047619047619047616,
      "alpha_min_g2": 0.03225806451612903,
      "g1_certified": true,
      "g2_certified": true
    },
    "wood": {
      "n_cal_defect": 30,
      "n_cal_good": 10,
      "alpha_min_g1": 0.03225806451612903,
      "alpha_min_g2": 0.09090909090909091,
      "g1_certified": true,
      "g2_certified": false
    },
    "zipper": {
      "n_cal_defect": 60,
      "n_cal_good": 16,
      "alpha_min_g1": 0.01639344262295082,
      "alpha_min_g2": 0.058823529411764705,
      "g1_certified": true,
      "g2_certified": false
    }
  },
  "v1": {
    "alpha_miss": 0.1,
    "alpha_fr": 0.05,
    "tolerance_pp": 0.03,
    "confidence": 0.95,
    "per_category": {
      "bottle": {
        "tier1": {
          "mean_escaped_defect_rate": 0.07580645161290323,
          "mean_false_reject_rate": 0.0,
          "pass_escaped": true,
          "pass_false_reject": true,
          "pass_tier1": true
        },
        "tier2": {
          "n_eval_def_total": 620,
          "n_eval_good_total": 200,
          "min_n_def_required": 22,
          "min_n_good_required": 36,
          "underpowered_escaped": false,
          "underpowered_false_reject": false,
          "pooled_escaped_rate": 0.07580645161290323,
          "pooled_false_reject_rate": 0.0,
          "escaped_ub_1sided": 0.0956500500935982,
          "false_reject_ub_1sided": 0.014867039231272054,
          "pass_escaped": true,
          "pass_false_reject": true
        },
        "n_repeats": 20,
        "mean_deferral_rate": 0.698780487804878
      },
      "cable": {
        "tier1": {
          "mean_escaped_defect_rate": 0.0,
          "mean_false_reject_rate": 0.0,
          "pass_escaped": true,
          "pass_false_reject": true,
          "pass_tier1": true
        },
        "tier2": {
          "n_eval_def_total": 920,
          "n_eval_good_total": 580,
          "min_n_def_required": 22,
          "min_n_good_required": 36,
          "underpowered_escaped": false,
          "underpowered_false_reject": false,
          "pooled_escaped_rate": 0.0,
          "pooled_false_reject_rate": 0.0,
          "escaped_ub_1sided": 0.0032509349624755325,
          "false_reject_ub_1sided": 0.005151739679918468,
          "pass_escaped": true,
          "pass_false_reject": true
        },
        "n_repeats": 20,
        "mean_deferral_rate": 0.07066666666666668
      },
      "capsule": {
        "tier1": {
          "mean_escaped_defect_rate": 0.07909090909090907,
          "mean_false_reject_rate": 0.0,
          "pass_escaped": true,
          "pass_false_reject": true,
          "pass_tier1": true
        },
        "tier2": {
          "n_eval_def_total": 1100,
          "n_eval_good_total": 220,
          "min_n_def_required": 22,
          "min_n_good_required": 36,
          "underpowered_escaped": false,
          "underpowered_false_reject": false,
          "pooled_escaped_rate": 0.07909090909090909,
          "pooled_false_reject_rate": 0.0,
          "escaped_ub_1sided": 0.0937848755783714,
          "false_reject_ub_1sided": 0.013524673398400562,
          "pass_escaped": true,
          "pass_false_reject": true
        },
        "n_repeats": 20,
        "mean_deferral_rate": 0.7803030303030303
      },
      "carpet": {
        "tier1": {
          "mean_escaped_defect_rate": 0.09777777777777777,
          "mean_false_reject_rate": 0.0,
          "pass_escaped": true,
          "pass_false_reject": true,
          "pass_tier1": true
        },
        "tier2": {
          "n_eval_def_total": 900,
          "n_eval_good_total": 280,
          "min_n_def_required": 22,
          "min_n_good_required": 36,
          "underpowered_escaped": false,
          "underpowered_false_reject": false,
          "pooled_escaped_rate": 0.09777777777777778,
          "pooled_false_reject_rate": 0.0,
          "escaped_ub_1sided": 0.1156119902679157,
          "false_reject_ub_1sided": 0.010642012638938061,
          "pass_escaped": true,
          "pass_false_reject": true
        },
        "n_repeats": 20,
        "mean_deferral_rate": 0.6881355932203389
      },
      "grid": {
        "tier1": {
          "mean_escaped_defect_rate": 0.06379310344827585,
          "mean_false_reject_rate": 0.0,
          "pass_escaped": true,
          "pass_false_reject": true,
          "pass_tier1": true
        },
        "tier2": {
          "n_eval_def_total": 580,
          "n_eval_good_total": 220,
          "min_n_def_required": 22,
          "min_n_good_required": 36,
          "underpowered_escaped": false,
          "underpowered_false_reject": false,
          "pooled_escaped_rate": 0.06379310344827586,
          "pooled_false_reject_rate": 0.0,
          "escaped_ub_1sided": 0.08307124265060782,
          "false_reject_ub_1sided": 0.013524673398400562,
          "pass_escaped": true,
          "pass_false_reject": true
        },
        "n_repeats": 20,
        "mean_deferral_rate": 0.67875
      },
      "hazelnut": {
        "tier1": {
          "mean_escaped_defect_rate": 0.0,
          "mean_false_reject_rate": 0.0,
          "pass_escaped": true,
          "pass_false_reject": true,
          "pass_tier1": true
        },
        "tier2": {
          "n_eval_def_total": 700,
          "n_eval_good_total": 400,