{
  "reproduction": {
    "patchcore": {
      "0": {
        "backbone": "patchcore",
        "target": 0.991,
        "tolerance": 0.02,
        "per_category": {
          "bottle": 1.0,
          "cable": 0.9896926536731634,
          "capsule": 0.9920223374551257,
          "carpet": 0.9863563402889246,
          "grid": 0.9899749373433584,
          "hazelnut": 1.0,
          "leather": 1.0,
          "metal_nut": 0.9990224828934506,
          "pill": 0.9399890889252591,
          "screw": 0.9631071940971511,
          "tile": 1.0,
          "toothbrush": 0.9166666666666666,
          "transistor": 0.9891666666666666,
          "wood": 0.9850877192982456,
          "zipper": 0.9779411764705882
        },
        "mean_auroc": 0.9819351509185734,
        "min_auroc": 0.9166666666666666,
        "n_categories": 15,
        "pass": true
      },
      "1": {
        "backbone": "patchcore",
        "target": 0.991,
        "tolerance": 0.02,
        "per_category": {
          "bottle": 1.0,
          "cable": 0.9857571214392804,
          "capsule": 0.9936178699641005,
          "carpet": 0.9871589085072231,
          "grid": 0.9866332497911445,
          "hazelnut": 1.0,
          "leather": 1.0,
          "metal_nut": 0.9975562072336266,
          "pill": 0.9446262956901255,
          "screw": 0.9585980733756917,
          "tile": 1.0,
          "toothbrush": 0.9138888888888889,
          "transistor": 0.99625,
          "wood": 0.9850877192982456,
          "zipper": 0.9774159663865546
        },
        "mean_auroc": 0.9817726867049923,
        "min_auroc": 0.9138888888888889,
        "n_categories": 15,
        "pass": true
      },
      "2": {
        "backbone": "patchcore",
        "target": 0.991,
        "tolerance": 0.02,
        "per_category": {
          "bottle": 1.0,
          "cable": 0.9880059970014993,
          "capsule": 0.9908256880733946,
          "carpet": 0.9859550561797753,
          "grid": 0.9849624060150376,
          "hazelnut": 1.0,
          "leather": 1.0,
          "metal_nut": 0.9980449657869013,
          "pill": 0.9459901800327333,
          "screw": 0.9647468743594999,
          "tile": 0.9992784992784993,
          "toothbrush": 0.9138888888888889,
          "transistor": 0.9925,
          "wood": 0.9859649122807017,
          "zipper": 0.975577731092437
        },
        "mean_auroc": 0.9817160799326247,
        "min_auroc": 0.9138888888888889,
        "n_categories": 15,
        "pass": true
      },
      "3": {
        "backbone": "patchcore",
        "target": 0.991,
        "tolerance": 0.02,
        "per_category": {
          "bottle": 1.0,
          "cable": 0.9846326836581709,
          "capsule": 0.9920223374551257,
          "carpet": 0.985553772070626,
          "grid": 0.9891395154553049,
          "hazelnut": 1.0,
          "leather": 1.0,
          "metal_nut": 0.9980449657869013,
          "pill": 0.9487179487179487,
          "screw": 0.9694609551137529,
          "tile": 0.9996392496392497,
          "toothbrush": 0.9138888888888889,
          "transistor": 0.9945833333333334,
          "wood": 0.9868421052631579,
          "zipper": 0.9771533613445378
        },
        "mean_auroc": 0.9826452744484666,
        "min_auroc": 0.9138888888888889,
        "n_categories": 15,
        "pass": true
      },
      "4": {
        "backbone": "patchcore",
        "target": 0.991,
        "tolerance": 0.02,
        "per_category": {
          "bottle": 1.0,
          "cable": 0.988568215892054,
          "capsule": 0.9932189868368568,
          "carpet": 0.9867576243980738,
          "grid": 0.9874686716791979,
          "hazelnut": 1.0,
          "leather": 1.0,
          "metal_nut": 0.9990224828934506,
          "pill": 0.944899072558647,
          "screw": 0.9620823939331831,
          "tile": 1.0,
          "toothbrush": 0.9111111111111111,
          "transistor": 0.9954166666666666,
          "wood": 0.9868421052631579,
          "zipper": 0.9742647058823529
        },
        "mean_auroc": 0.9819768024743168,
        "min_auroc": 0.9111111111111111,
        "n_categories": 15,
        "pass": true
      }
    },
    "dinomaly": {
      "0": {
        "backbone": "dinomaly",
        "target": 0.996,
        "tolerance": 0.02,
        "per_category": {
          "bottle": 1.0,
          "cable": 1.0,
          "capsule": 0.9824491424012765,
          "carpet": 0.9987961476725522,
          "grid": 0.9991645781119465,
          "hazelnut": 1.0,
          "leather": 1.0,
          "metal_nut": 1.0,
          "pill": 0.9926350245499181,
          "screw": 0.986472637835622,
          "tile": 1.0,
          "toothbrush": 1.0,
          "transistor": 0.9895833333333334,
          "wood": 0.9982456140350877,
          "zipper": 1.0
        },
        "mean_auroc": 0.9964897651959824,
        "min_auroc": 0.9824491424012765,
        "n_categories": 15,
        "pass": true
      },
      "1": {
        "backbone": "dinomaly",
        "target": 0.996,
        "tolerance": 0.02,
        "per_category": {
          "bottle": 1.0,
          "cable": 1.0,
          "capsule": 0.9812524930195453,
          "carpet": 0.9983948635634029,
          "grid": 0.9983291562238931,
          "hazelnut": 1.0,
          "leather": 1.0,
          "metal_nut": 1.0,
          "pill": 0.9907255864702673,
          "screw": 0.9848329575732732,
          "tile": 1.0,
          "toothbrush": 1.0,
          "transistor": 0.9879166666666667,
          "wood": 0.9991228070175439,
          "zipper": 1.0
        },
        "mean_auroc": 0.9960383020356395,
        "min_auroc": 0.9812524930195453,
        "n_categories": 15,
        "pass": true
      },
      "2": {
        "backbone": "dinomaly",
        "target": 0.996,
        "tolerance": 0.02,
        "per_category": {
          "bottle": 1.0,
          "cable": 1.0,
          "capsule": 0.9764658954926206,
          "carpet": 0.9983948635634029,
          "grid": 0.9974937343358395,
          "hazelnut": 1.0,
          "leather": 1.0,
          "metal_nut": 1.0,
          "pill": 0.9912711402073104,
          "screw": 0.9866775978684157,
          "tile": 1.0,
          "toothbrush": 1.0,
          "transistor": 0.99,
          "wood": 0.9991228070175439,
          "zipper": 1.0
        },
        "mean_auroc": 0.9959617358990089,
        "min_auroc": 0.9764658954926206,
        "n_categories": 15,
        "pass": true
      },
      "3": {
        "backbone": "dinomaly",
        "target": 0.996,
        "tolerance": 0.02,
        "per_category": {
          "bottle": 1.0,
          "cable": 1.0,
          "capsule": 0.9780614280015956,
          "carpet": 0.9983948635634029,
          "grid": 0.9974937343358395,
          "hazelnut": 1.0,
          "leather": 1.0,
          "metal_nut": 1.0,
          "pill": 0.9918166939443536,
          "screw": 0.9856527977044476,
          "tile": 1.0,
          "toothbrush": 1.0,
          "transistor": 0.9891666666666666,
          "wood": 0.9991228070175439,
          "zipper": 1.0
        },
        "mean_auroc": 0.99598059941559,
        "min_auroc": 0.9780614280015956,
        "n_categories": 15,
        "pass": true
      },
      "4": {
        "backbone": "dinomaly",
        "target": 0.996,
        "tolerance": 0.02,
        "per_category": {
          "bottle": 1.0,
          "cable": 1.0,
          "capsule": 0.9772636617471081,
          "carpet": 0.9975922953451043,
          "grid": 0.9974937343358395,
          "hazelnut": 1.0,
          "leather": 1.0,
          "metal_nut": 1.0,
          "pill": 0.9923622476813966,
          "screw": 0.9848329575732732,
          "tile": 1.0,
          "toothbrush": 1.0,
          "transistor": 0.9866666666666667,
          "wood": 0.9991228070175439,
          "zipper": 1.0
        },
        "mean_auroc": 0.9956889580244622,
        "min_auroc": 0.9772636617471081,
        "n_categories": 15,
        "pass": true
      }
    }
  },