{
  "floors": {
    "bottle": {
      "n_cal_defect": 32,
      "n_cal_good": 42,
      "alpha_min_g1": 0.030303030303030304,
      "alpha_min_g2": 0.023255813953488372,
      "g1_certified": true,
      "g2_certified": true,
      "g2_mode": "train-holdout"
    },
    "cable": {
      "n_cal_defect": 46,
      "n_cal_good": 45,
      "alpha_min_g1": 0.02127659574468085,
      "alpha_min_g2": 0.021739130434782608,
      "g1_certified": true,
      "g2_certified": true,
      "g2_mode": "train-holdout"
    },
    "capsule": {
      "n_cal_defect": 54,
      "n_cal_good": 44,
      "alpha_min_g1": 0.01818181818181818,
      "alpha_min_g2": 0.022222222222222223,
      "g1_certified": true,
      "g2_certified": true,
      "g2_mode": "train-holdout"
    },
    "carpet": {
      "n_cal_defect": 44,
      "n_cal_good": 56,
      "alpha_min_g1": 0.022222222222222223,
      "alpha_min_g2": 0.017543859649122806,
      "g1_certified": true,
      "g2_certified": true,
      "g2_mode": "train-holdout"
    },
    "grid": {
      "n_cal_defect": 28,
      "n_cal_good": 53,
      "alpha_min_g1": 0.034482758620689655,
      "alpha_min_g2": 0.018518518518518517,
      "g1_certified": true,
      "g2_certified": true,
      "g2_mode": "train-holdout"
    },
    "hazelnut": {
      "n_cal_defect": 35,
      "n_cal_good": 78,
      "alpha_min_g1": 0.027777777777777776,
      "alpha_min_g2": 0.012658227848101266,
      "g1_certified": true,
      "g2_certified": true,
      "g2_mode": "train-holdout"
    },
    "leather": {
      "n_cal_defect": 46,
      "n_cal_good": 16,
      "alpha_min_g1": 0.02127659574468085,
      "alpha_min_g2": 0.058823529411764705,
      "g1_certified": true,
      "g2_certified": false,
      "g2_mode": "audited-not-certified"
    },
    "metal_nut": {
      "n_cal_defect": 46,
      "n_cal_good": 44,
      "alpha_min_g1": 0.02127659574468085,
      "alpha_min_g2": 0.022222222222222223,
      "g1_certified": true,
      "g2_certified": true,
      "g2_mode": "train-holdout"
    },
    "pill": {
      "n_cal_defect": 70,
      "n_cal_good": 53,
      "alpha_min_g1": 0.014084507042253521,
      "alpha_min_g2": 0.018518518518518517,
      "g1_certified": true,
      "g2_certified": true,
      "g2_mode": "train-holdout"
    },
    "screw": {
      "n_cal_defect": 60,
      "n_cal_good": 64,
      "alpha_min_g1": 0.01639344262295082,
      "alpha_min_g2": 0.015384615384615385,
      "g1_certified": true,
      "g2_certified": true,
      "g2_mode": "train-holdout"
    },
    "tile": {
      "n_cal_defect": 42,
      "n_cal_good": 46,
      "alpha_min_g1": 0.023255813953488372,
      "alpha_min_g2": 0.02127659574468085,
      "g1_certified": true,
      "g2_certified": true,
      "g2_mode": "train-holdout"
    },
    "toothbrush": {
      "n_cal_defect": 15,
      "n_cal_good": 12,
      "alpha_min_g1": 0.0625,
      "alpha_min_g2": 0.07692307692307693,
      "g1_certified": true,
      "g2_certified": false,
      "g2_mode": "train-holdout"
    },
    "transistor": {
      "n_cal_defect": 20,
      "n_cal_good": 43,
      "alpha_min_g1": 0.047619047619047616,
      "alpha_min_g2": 0.022727272727272728,
      "g1_certified": true,
      "g2_certified": true,
      "g2_mode": "train-holdout"
    },
    "wood": {
      "n_cal_defect": 30,
      "n_cal_good": 49,
      "alpha_min_g1": 0.03225806451612903,
      "alpha_min_g2": 0.02,
      "g1_certified": true,
      "g2_certified": true,
      "g2_mode": "train-holdout"
    },
    "zipper": {
      "n_cal_defect": 60,
      "n_cal_good": 48,
      "alpha_min_g1": 0.01639344262295082,
      "alpha_min_g2": 0.02040816326530612,
      "g1_certified": true,
      "g2_certified": true,
      "g2_mode": "train-holdout"
    }
  },
  "v1": {
    "alpha_miss": 0.1,
    "alpha_fr": 0.05,
    "tolerance_pp": 0.03,
    "confidence": 0.95,
    "per_category": {
      "bottle": {
        "tier1": {
          "mean_escaped_defect_rate": 0.0,
          "mean_false_reject_rate": 0.0,
          "pass_escaped": true,
          "pass_false_reject": true,
          "pass_tier1": true
        },
        "tier2": {
          "n_eval_def_total": 620,
          "n_eval_good_total": 200,
          "min_n_def_required": 22,
          "min_n_good_required": 36,
          "underpowered_escaped": false,
          "underpowered_false_reject": false,
          "pooled_escaped_rate": 0.0,
          "pooled_false_reject_rate": 0.0,
          "escaped_ub_1sided": 0.004820171753609678,
          "false_reject_ub_1sided": 0.014867039231272054,
          "pass_escaped": true,
          "pass_false_reject": true
        },
        "n_repeats": 20,
        "mean_deferral_rate": 0.05
      },
      "cable": {
        "tier1": {
          "mean_escaped_defect_rate": 0.06739130434782609,
          "mean_false_reject_rate": 0.056896551724137934,
          "pass_escaped": true,
          "pass_false_reject": true,
          "pass_tier1": true
        },
        "tier2": {
          "n_eval_def_total": 920,
          "n_eval_good_total": 580,
          "min_n_def_required": 22,
          "min_n_good_required": 36,
          "underpowered_escaped": false,
          "underpowered_false_reject": false,
          "pooled_escaped_rate": 0.06739130434782609,
          "pooled_false_reject_rate": 0.056896551724137934,
          "escaped_ub_1sided": 0.0825917283400557,
          "false_reject_ub_1sided": 0.0753428205387805,
          "pass_escaped": true,
          "pass_false_reject": true
        },
        "n_repeats": 20,
        "mean_deferral_rate": 0.012666666666666668
      },
      "capsule": {
        "tier1": {
          "mean_escaped_defect_rate": 0.09909090909090909,
          "mean_false_reject_rate": 0.031818181818181815,
          "pass_escaped": true,
          "pass_false_reject": true,
          "pass_tier1": true
        },
        "tier2": {
          "n_eval_def_total": 1100,
          "n_eval_good_total": 220,
          "min_n_def_required": 22,
          "min_n_good_required": 36,
          "underpowered_escaped": false,
          "underpowered_false_reject": false,
          "pooled_escaped_rate": 0.09909090909090909,
          "pooled_false_reject_rate": 0.031818181818181815,
          "escaped_ub_1sided": 0.11517069778637005,
          "false_reject_ub_1sided": 0.05893088104413358,
          "pass_escaped": true,
          "pass_false_reject": true
        },
        "n_repeats": 20,
        "mean_deferral_rate": 0.03409090909090909
      },
      "carpet": {
        "tier1": {
          "mean_escaped_defect_rate": 0.043333333333333335,
          "mean_false_reject_rate": 0.0,
          "pass_escaped": true,
          "pass_false_reject": true,
          "pass_tier1": true
        },
        "tier2": {
          "n_eval_def_total": 900,
          "n_eval_good_total": 280,
          "min_n_def_required": 22,
          "min_n_good_required": 36,
          "underpowered_escaped": false,
          "underpowered_false_reject": false,
          "pooled_escaped_rate": 0.043333333333333335,
          "pooled_false_reject_rate": 0.0,
          "escaped_ub_1sided": 0.05622203406776477,
          "false_reject_ub_1sided": 0.010642012638938061,
          "pass_escaped": true,
          "pass_false_reject": true
        },
        "n_repeats": 20,
        "mean_deferral_rate": 0.3813559322033898
      },
      "grid": {
        "tier1": {
          "mean_escaped_defect_rate": 0.03275862068965517,
          "mean_false_reject_rate": 0.04090909090909091,
          "pass_escaped": true,
          "pass_false_reject": true,
          "pass_tier1": true
        },
        "tier2": {
          "n_eval_def_total": 580,
          "n_eval_good_total": 220,
          "min_n_def_required": 22,
          "min_n_good_required": 36,
          "underpowered_escaped": false,
          "underpowered_false_reject": false,
          "pooled_escaped_rate": 0.032758620689655175,
          "pooled_false_reject_rate": 0.04090909090909091,