{
  "benchmark": "MVTec-AD",
  "cats_note": "15 categories, IN-PREREG (confirmatory family)",
  "family": [
    "patchcore:fixed",
    "patchcore:tuned",
    "dinomaly:fixed",
    "dinomaly:tuned"
  ],
  "family_size_frozen_rule": "3 practices x 2 backbones = 6; B3 skipped (no train-good) -> 2 x 2 = 4 (PREREG \u00a74 preregistered degradation)",
  "per_seed_raw": {
    "patchcore_seed0": {
      "backbone": "patchcore",
      "seed": 0,
      "target_deferral_rate": 0.5381944444444444,
      "n_eval": 864,
      "practices": {
        "fixed": {
          "excess_aurc": 0.026973444442967585,
          "excess_aurc_ci": [
            0.013501451384691126,
            0.04049082851861324
          ],
          "aurc_method": 0.006591370371847234,
          "aurc_random": 0.03356481481481482,
          "p_value": 0.0004997501249375312,
          "abstention_fraction": 0.5381944444444444,
          "band_width": 0.2447224518758162,
          "n": 864
        },
        "tuned": {
          "excess_aurc": 0.045421428427594716,
          "excess_aurc_ci": [
            0.022325977289143192,
            0.0688742684338972
          ],
          "aurc_method": 0.006661904905738618,
          "aurc_random": 0.052083333333333336,
          "p_value": 0.0004997501249375312,
          "abstention_fraction": 0.5381944444444444,
          "band_width": 0.26316505347949715,
          "n": 864
        }
      }
    },
    "patchcore_seed1": {
      "backbone": "patchcore",
      "seed": 1,
      "target_deferral_rate": 0.5173611111111112,
      "n_eval": 864,
      "practices": {
        "fixed": {
          "excess_aurc": 0.023461785295987497,
          "excess_aurc_ci": [
            0.009978360275137427,
            0.03836577759161038
          ],
          "aurc_method": 0.006630807296605092,
          "aurc_random": 0.03009259259259259,
          "p_value": 0.0004997501249375312,
          "abstention_fraction": 0.5173611111111112,
          "band_width": 0.2442554457310564,
          "n": 864
        },
        "tuned": {
          "excess_aurc": 0.04533336348539882,
          "excess_aurc_ci": [
            0.027397270273926636,
            0.0632577337774736
          ],
          "aurc_method": 0.006749969847934513,
          "aurc_random": 0.052083333333333336,
          "p_value": 0.0004997501249375312,
          "abstention_fraction": 0.5173611111111112,
          "band_width": 0.24916816557288257,
          "n": 864
        }
      }
    },
    "patchcore_seed2": {
      "backbone": "patchcore",
      "seed": 2,
      "target_deferral_rate": 0.5254629629629629,
      "n_eval": 864,
      "practices": {
        "fixed": {
          "excess_aurc": 0.028145803326018737,
          "excess_aurc_ci": [
            0.014820751636969965,
            0.042169636784656364
          ],
          "aurc_method": 0.006576418896203487,
          "aurc_random": 0.034722222222222224,
          "p_value": 0.0004997501249375312,
          "abstention_fraction": 0.5254629629629629,
          "band_width": 0.2398937146156186,
          "n": 864
        },
        "tuned": {
          "excess_aurc": 0.045548838869877005,
          "excess_aurc_ci": [
            0.024483210208492125,
            0.06518823549370356
          ],
          "aurc_method": 0.0065344944634563315,
          "aurc_random": 0.052083333333333336,
          "p_value": 0.0004997501249375312,
          "abstention_fraction": 0.5254629629629629,
          "band_width": 0.2512892758874159,
          "n": 864
        }
      }
    },
    "patchcore_seed3": {
      "backbone": "patchcore",
      "seed": 3,
      "target_deferral_rate": 0.5335648148148148,
      "n_eval": 864,
      "practices": {
        "fixed": {
          "excess_aurc": 0.030194646850732067,
          "excess_aurc_ci": [
            0.016686657351786593,
            0.04309004258269345
          ],
          "aurc_method": 0.005684982778897564,
          "aurc_random": 0.03587962962962963,
          "p_value": 0.0004997501249375312,
          "abstention_fraction": 0.5335648148148148,
          "band_width": 0.2479244301757717,
          "n": 864
        },
        "tuned": {
          "excess_aurc": 0.04367732018511756,
          "excess_aurc_ci": [
            0.023652492398578404,
            0.06437281815290954
          ],
          "aurc_method": 0.006091198333400958,
          "aurc_random": 0.04976851851851852,
          "p_value": 0.0004997501249375312,
          "abstention_fraction": 0.5335648148148148,
          "band_width": 0.2590180589725293,
          "n": 864
        }
      }
    },
    "patchcore_seed4": {
      "backbone": "patchcore",
      "seed": 4,
      "target_deferral_rate": 0.5347222222222222,
      "n_eval": 864,
      "practices": {
        "fixed": {
          "excess_aurc": 0.02630208147394413,
          "excess_aurc_ci": [
            0.012428661718938435,
            0.04004146087227468
          ],
          "aurc_method": 0.006105325933463277,
          "aurc_random": 0.032407407407407406,
          "p_value": 0.0004997501249375312,
          "abstention_fraction": 0.5347222222222222,
          "band_width": 0.24518686131489176,
          "n": 864
        },
        "tuned": {
          "excess_aurc": 0.03641898748901899,
          "excess_aurc_ci": [
            0.019873527719552996,
            0.05419333220637709
          ],
          "aurc_method": 0.006405086585055086,
          "aurc_random": 0.04282407407407408,
          "p_value": 0.0004997501249375312,
          "abstention_fraction": 0.5347222222222222,
          "band_width": 0.256820968852395,
          "n": 864
        }
      }
    },
    "dinomaly_seed0": {
      "backbone": "dinomaly",
      "seed": 0,
      "target_deferral_rate": 0.5196759259259259,
      "n_eval": 864,
      "practices": {
        "fixed": {
          "excess_aurc": 0.04990815354070434,
          "excess_aurc_ci": [
            0.02276430462638288,
            0.07420985682996199
          ],
          "aurc_method": 0.007962216829666033,
          "aurc_random": 0.05787037037037037,
          "p_value": 0.0004997501249375312,
          "abstention_fraction": 0.5196759259259259,
          "band_width": 0.04296536368322279,
          "n": 864
        },
        "tuned": {
          "excess_aurc": 0.02720724783303176,
          "excess_aurc_ci": [
            0.011261574940106484,
            0.04311035646921673
          ],
          "aurc_method": 0.0017279373521534255,
          "aurc_random": 0.028935185185185185,
          "p_value": 0.0004997501249375312,
          "abstention_fraction": 0.5196759259259259,
          "band_width": 0.04321429662485343,
          "n": 864
        }
      }
    },
    "dinomaly_seed1": {
      "backbone": "dinomaly",
      "seed": 1,
      "target_deferral_rate": 0.5208333333333334,
      "n_eval": 864,
      "practices": {
        "fixed": {
          "excess_aurc": 0.045411561180996124,
          "excess_aurc_ci": [
            0.02151707841006371,
            0.0684630829483478
          ],
          "aurc_method": 0.007829179559744619,
          "aurc_random": 0.05324074074074074,
          "p_value": 0.0004997501249375312,
          "abstention_fraction": 0.5208333333333334,
          "band_width": 0.043723681306460094,
          "n": 864
        },
        "tuned": {
          "excess_aurc": 0.028269221366324315,
          "excess_aurc_ci": [
            0.013405298624601797,
            0.04379157243466239
          ],
          "aurc_method": 0.0018233712262682767,
          "aurc_random": 0.03009259259259259,
          "p_value": 0.0004997501249375312,
          "abstention_fraction": 0.5208333333333334,
          "band_width": 0.04525768221662929,
          "n": 864
        }
      }
    },
    "dinomaly_seed2": {
      "backbone": "dinomaly",
      "seed": 2,
      "target_deferral_rate": 0.5173611111111112,
      "n_eval": 864,
      "practices": {
        "fixed": {
          "excess_aurc": 0.0484395372869833,