{
  "benchmark": "VisA",
  "cats_note": "12 categories, POST-FREEZE exploratory (NOT confirmatory)",
  "family": [
    "patchcore:fixed",
    "patchcore:tuned",
    "dinomaly:fixed",
    "dinomaly:tuned"
  ],
  "family_size_frozen_rule": "3 practices x 2 backbones = 6; B3 skipped (no train-good) -> 2 x 2 = 4 (PREREG \u00a74 preregistered degradation)",
  "per_seed_raw": {
    "patchcore_seed0": {
      "backbone": "patchcore",
      "seed": 0,
      "target_deferral_rate": 0.2855822550831793,
      "n_eval": 1082,
      "practices": {
        "fixed": {
          "excess_aurc": 0.08337770094814032,
          "excess_aurc_ci": [
            0.053243376386370785,
            0.10761825931087464
          ],
          "aurc_method": 0.07651139332173029,
          "aurc_random": 0.1598890942698706,
          "p_value": 0.0004997501249375312,
          "abstention_fraction": 0.2855822550831793,
          "band_width": 0.05810150414831128,
          "n": 1082
        },
        "tuned": {
          "excess_aurc": 0.09466357854616485,
          "excess_aurc_ci": [
            0.05795043423219004,
            0.1336943116522863
          ],
          "aurc_method": 0.09387616267379818,
          "aurc_random": 0.18853974121996303,
          "p_value": 0.0004997501249375312,
          "abstention_fraction": 0.2855822550831793,
          "band_width": 0.057169913355210156,
          "n": 1082
        }
      }
    },
    "patchcore_seed1": {
      "backbone": "patchcore",
      "seed": 1,
      "target_deferral_rate": 0.2855822550831793,
      "n_eval": 1082,
      "practices": {
        "fixed": {
          "excess_aurc": 0.07300832162401366,
          "excess_aurc_ci": [
            0.044841812164709116,
            0.1040072944891436
          ],
          "aurc_method": 0.08503234381036712,
          "aurc_random": 0.15804066543438078,
          "p_value": 0.0004997501249375312,
          "abstention_fraction": 0.2855822550831793,
          "band_width": 0.06350740068305072,
          "n": 1082
        },
        "tuned": {
          "excess_aurc": 0.08634510091762593,
          "excess_aurc_ci": [
            0.05312954866013426,
            0.12769665390314958
          ],
          "aurc_method": 0.08555878078292861,
          "aurc_random": 0.17190388170055454,
          "p_value": 0.0004997501249375312,
          "abstention_fraction": 0.2855822550831793,
          "band_width": 0.05991072391975649,
          "n": 1082
        }
      }
    },
    "patchcore_seed2": {
      "backbone": "patchcore",
      "seed": 2,
      "target_deferral_rate": 0.27726432532347506,
      "n_eval": 1082,
      "practices": {
        "fixed": {
          "excess_aurc": 0.08863104824077836,
          "excess_aurc_ci": [
            0.06137404058935951,
            0.11558673975376886
          ],
          "aurc_method": 0.07033383161134735,
          "aurc_random": 0.1589648798521257,
          "p_value": 0.0004997501249375312,
          "abstention_fraction": 0.27726432532347506,
          "band_width": 0.055839034812521504,
          "n": 1082
        },
        "tuned": {
          "excess_aurc": 0.09978173363179155,
          "excess_aurc_ci": [
            0.06096288762004661,
            0.14138000813863702
          ],
          "aurc_method": 0.09245486525915114,
          "aurc_random": 0.1922365988909427,
          "p_value": 0.0004997501249375312,
          "abstention_fraction": 0.27726432532347506,
          "band_width": 0.05840728002199569,
          "n": 1082
        }
      }
    },
    "patchcore_seed3": {
      "backbone": "patchcore",
      "seed": 3,
      "target_deferral_rate": 0.2874306839186691,
      "n_eval": 1082,
      "practices": {
        "fixed": {
          "excess_aurc": 0.07804739044271074,
          "excess_aurc_ci": [
            0.05198176002446936,
            0.10342184073007171
          ],
          "aurc_method": 0.07814484615618021,
          "aurc_random": 0.15619223659889095,
          "p_value": 0.0004997501249375312,
          "abstention_fraction": 0.2874306839186691,
          "band_width": 0.06278020892000313,
          "n": 1082
        },
        "tuned": {
          "excess_aurc": 0.10551798356798119,
          "excess_aurc_ci": [
            0.06893822062729138,
            0.14272991299023283
          ],
          "aurc_method": 0.07655225672776743,
          "aurc_random": 0.18207024029574861,
          "p_value": 0.0004997501249375312,
          "abstention_fraction": 0.2874306839186691,
          "band_width": 0.0560307461346099,
          "n": 1082
        }
      }
    },
    "patchcore_seed4": {
      "backbone": "patchcore",
      "seed": 4,
      "target_deferral_rate": 0.2744916820702403,
      "n_eval": 1082,
      "practices": {
        "fixed": {
          "excess_aurc": 0.08161615381196334,
          "excess_aurc_ci": [
            0.05398763171349055,
            0.1092566630800942
          ],
          "aurc_method": 0.08104558371114202,
          "aurc_random": 0.16266173752310537,
          "p_value": 0.0004997501249375312,
          "abstention_fraction": 0.2744916820702403,
          "band_width": 0.06068026814605787,
          "n": 1082
        },
        "tuned": {
          "excess_aurc": 0.09124749400118207,
          "excess_aurc_ci": [
            0.06274367458939775,
            0.12177102102633172
          ],
          "aurc_method": 0.08805010304133179,
          "aurc_random": 0.17929759704251386,
          "p_value": 0.0004997501249375312,
          "abstention_fraction": 0.2744916820702403,
          "band_width": 0.06252002348404062,
          "n": 1082
        }
      }
    },
    "dinomaly_seed0": {
      "backbone": "dinomaly",
      "seed": 0,
      "target_deferral_rate": 0.06931608133086876,
      "n_eval": 1082,
      "practices": {
        "fixed": {
          "excess_aurc": 0.09508121613540291,
          "excess_aurc_ci": [
            0.07466109825295218,
            0.1156896122461615
          ],
          "aurc_method": 0.03615723118437527,
          "aurc_random": 0.13123844731977818,
          "p_value": 0.0004997501249375312,
          "abstention_fraction": 0.06931608133086876,
          "band_width": 0.0015802258218116094,
          "n": 1082
        },
        "tuned": {
          "excess_aurc": 0.05311604154556836,
          "excess_aurc_ci": [
            0.04013566994620868,
            0.06846226311871254
          ],
          "aurc_method": 0.014351610949810564,
          "aurc_random": 0.06746765249537892,
          "p_value": 0.0004997501249375312,
          "abstention_fraction": 0.06931608133086876,
          "band_width": 0.001874993359791688,
          "n": 1082
        }
      }
    },
    "dinomaly_seed1": {
      "backbone": "dinomaly",
      "seed": 1,
      "target_deferral_rate": 0.05545286506469501,
      "n_eval": 1082,
      "practices": {
        "fixed": {
          "excess_aurc": 0.09164322657332324,
          "excess_aurc_ci": [
            0.07168268358287554,
            0.11098904068893463
          ],
          "aurc_method": 0.034049934239985445,
          "aurc_random": 0.1256931608133087,
          "p_value": 0.0004997501249375312,
          "abstention_fraction": 0.05545286506469501,
          "band_width": 0.001266204521776615,
          "n": 1082
        },
        "tuned": {
          "excess_aurc": 0.045503612367935806,
          "excess_aurc_ci": [
            0.031805663265012815,
            0.060367594131515254
          ],
          "aurc_method": 0.01364611036773887,
          "aurc_random": 0.059149722735674676,
          "p_value": 0.0004997501249375312,
          "abstention_fraction": 0.05545286506469501,
          "band_width": 0.0018355772252789393,
          "n": 1082
        }
      }
    },
    "dinomaly_seed2": {
      "backbone": "dinomaly",
      "seed": 2,
      "target_deferral_rate": 0.06099815157116451,
      "n_eval": 1082,