{"/root/autodl-tmp/MPDD/tubes/test/anomalous/000.png": 0.2237606644630432, "/root/autodl-tmp/MPDD/tubes/test/anomalous/001.png": 0.21960929036140442, "/root/autodl-tmp/MPDD/tubes/test/anomalous/002.png": 0.22231508791446686, "/root/autodl-tmp/MPDD/tubes/test/anomalous/003.png": 0.22341254353523254, "/root/autodl-tmp/MPDD/tubes/test/anomalous/004.png": 0.23456522822380066, "/root/autodl-tmp/MPDD/tubes/test/anomalous/005.png": 0.20366010069847107, "/root/autodl-tmp/MPDD/tubes/test/anomalous/006.png": 0.19115418195724487, "/root/autodl-tmp/MPDD/tubes/test/anomalous/007.png": 0.18792402744293213, "/root/autodl-tmp/MPDD/tubes/test/anomalous/008.png": 0.1811559796333313, "/root/autodl-tmp/MPDD/tubes/test/anomalous/009.png": 0.20324073731899261, "/root/autodl-tmp/MPDD/tubes/test/anomalous/010.png": 0.18863530457019806, "/root/autodl-tmp/MPDD/tubes/test/anomalous/011.png": 0.19563356041908264, "/root/autodl-tmp/MPDD/tubes/test/anomalous/012.png": 0.23650138080120087, "/root/autodl-tmp/MPDD/tubes/test/anomalous/013.png": 0.12595082819461823, "/root/autodl-tmp/MPDD/tubes/test/anomalous/014.png": 0.10627103596925735, "/root/autodl-tmp/MPDD/tubes/test/anomalous/015.png": 0.1157335713505745, "/root/autodl-tmp/MPDD/tubes/test/anomalous/016.png": 0.10916575789451599, "/root/autodl-tmp/MPDD/tubes/test/anomalous/017.png": 0.10710258036851883, "/root/autodl-tmp/MPDD/tubes/test/anomalous/018.png": 0.10543153434991837, "/root/autodl-tmp/MPDD/tubes/test/anomalous/019.png": 0.1448923647403717, "/root/autodl-tmp/MPDD/tubes/test/anomalous/020.png": 0.13746605813503265, "/root/autodl-tmp/MPDD/tubes/test/anomalous/021.png": 0.15224918723106384, "/root/autodl-tmp/MPDD/tubes/test/anomalous/022.png": 0.15709209442138672, "/root/autodl-tmp/MPDD/tubes/test/anomalous/023.png": 0.16535744071006775, "/root/autodl-tmp/MPDD/tubes/test/anomalous/024.png": 0.19984717667102814, "/root/autodl-tmp/MPDD/tubes/test/anomalous/025.png": 0.20782093703746796, "/root/autodl-tmp/MPDD/tubes/test/anomalous/026.png": 0.2035873830318451, "/root/autodl-tmp/MPDD/tubes/test/anomalous/027.png": 0.21071158349514008, "/root/autodl-tmp/MPDD/tubes/test/anomalous/028.png": 0.2047969400882721, "/root/autodl-tmp/MPDD/tubes/test/anomalous/029.png": 0.19340352714061737, "/root/autodl-tmp/MPDD/tubes/test/anomalous/030.png": 0.29099562764167786, "/root/autodl-tmp/MPDD/tubes/test/anomalous/031.png": 0.28355154395103455, "/root/autodl-tmp/MPDD/tubes/test/anomalous/032.png": 0.2821770906448364, "/root/autodl-tmp/MPDD/tubes/test/anomalous/033.png": 0.2804328203201294, "/root/autodl-tmp/MPDD/tubes/test/anomalous/034.png": 0.29312747716903687, "/root/autodl-tmp/MPDD/tubes/test/anomalous/035.png": 0.30876174569129944, "/root/autodl-tmp/MPDD/tubes/test/anomalous/036.png": 0.2962241470813751, "/root/autodl-tmp/MPDD/tubes/test/anomalous/037.png": 0.2046528309583664, "/root/autodl-tmp/MPDD/tubes/test/anomalous/038.png": 0.22450850903987885, "/root/autodl-tmp/MPDD/tubes/test/anomalous/039.png": 0.23773598670959473, "/root/autodl-tmp/MPDD/tubes/test/anomalous/040.png": 0.23243485391139984, "/root/autodl-tmp/MPDD/tubes/test/anomalous/041.png": 0.2079012095928192, "/root/autodl-tmp/MPDD/tubes/test/anomalous/042.png": 0.20150235295295715, "/root/autodl-tmp/MPDD/tubes/test/anomalous/043.png": 0.16210833191871643, "/root/autodl-tmp/MPDD/tubes/test/anomalous/044.png": 0.1362975835800171, "/root/autodl-tmp/MPDD/tubes/test/anomalous/045.png": 0.181709423661232, "/root/autodl-tmp/MPDD/tubes/test/anomalous/046.png": 0.18656064569950104, "/root/autodl-tmp/MPDD/tubes/test/anomalous/047.png": 0.1767064481973648, "/root/autodl-tmp/MPDD/tubes/test/anomalous/048.png": 0.1865633726119995, "/root/autodl-tmp/MPDD/tubes/test/anomalous/049.png": 0.20492500066757202, "/root/autodl-tmp/MPDD/tubes/test/anomalous/050.png": 0.18482473492622375, "/root/autodl-tmp/MPDD/tubes/test/anomalous/051.png": 0.19045601785182953, "/root/autodl-tmp/MPDD/tubes/test/anomalous/052.png": 0.18722975254058838, "/root/autodl-tmp/MPDD/tubes/test/anomalous/053.png": 0.22539865970611572, "/root/autodl-tmp/MPDD/tubes/test/anomalous/054.png": 0.20891383290290833, "/root/autodl-tmp/MPDD/tubes/test/anomalous/055.png": 0.21504294872283936, "/root/autodl-tmp/MPDD/tubes/test/anomalous/056.png": 0.21313157677650452, "/root/autodl-tmp/MPDD/tubes/test/anomalous/057.png": 0.19917108118534088, "/root/autodl-tmp/MPDD/tubes/test/anomalous/058.png": 0.18287327885627747, "/root/autodl-tmp/MPDD/tubes/test/anomalous/059.png": 0.17869475483894348, "/root/autodl-tmp/MPDD/tubes/test/anomalous/060.png": 0.1704646646976471, "/root/autodl-tmp/MPDD/tubes/test/anomalous/061.png": 0.14859998226165771, "/root/autodl-tmp/MPDD/tubes/test/anomalous/062.png": 0.23934940993785858, "/root/autodl-tmp/MPDD/tubes/test/anomalous/063.png": 0.27268120646476746, "/root/autodl-tmp/MPDD/tubes/test/anomalous/064.png": 0.20908506214618683, "/root/autodl-tmp/MPDD/tubes/test/anomalous/065.png": 0.22832375764846802, "/root/autodl-tmp/MPDD/tubes/test/anomalous/066.png": 0.23457179963588715, "/root/autodl-tmp/MPDD/tubes/test/anomalous/067.png": 0.23465436697006226, "/root/autodl-tmp/MPDD/tubes/test/anomalous/068.png": 0.22232581675052643, "/root/autodl-tmp/MPDD/tubes/test/good/000.png": 0.10979276150465012, "/root/autodl-tmp/MPDD/tubes/test/good/001.png": 0.11486030369997025, "/root/autodl-tmp/MPDD/tubes/test/good/002.png": 0.11663448810577393, "/root/autodl-tmp/MPDD/tubes/test/good/003.png": 0.11429546028375626, "/root/autodl-tmp/MPDD/tubes/test/good/004.png": 0.10812396556138992, "/root/autodl-tmp/MPDD/tubes/test/good/005.png": 0.10708609223365784, "/root/autodl-tmp/MPDD/tubes/test/good/006.png": 0.09803047776222229, "/root/autodl-tmp/MPDD/tubes/test/good/007.png": 0.0968366414308548, "/root/autodl-tmp/MPDD/tubes/test/good/008.png": 0.10645905882120132, "/root/autodl-tmp/MPDD/tubes/test/good/009.png": 0.10724466294050217, "/root/autodl-tmp/MPDD/tubes/test/good/010.png": 0.1044188067317009, "/root/autodl-tmp/MPDD/tubes/test/good/011.png": 0.10864410549402237, "/root/autodl-tmp/MPDD/tubes/test/good/012.png": 0.11081934720277786, "/root/autodl-tmp/MPDD/tubes/test/good/013.png": 0.10732141137123108, "/root/autodl-tmp/MPDD/tubes/test/good/014.png": 0.11337774991989136, "/root/autodl-tmp/MPDD/tubes/test/good/015.png": 0.11594527214765549, "/root/autodl-tmp/MPDD/tubes/test/good/016.png": 0.12012109905481339, "/root/autodl-tmp/MPDD/tubes/test/good/017.png": 0.11778166145086288, "/root/autodl-tmp/MPDD/tubes/test/good/018.png": 0.1221911683678627, "/root/autodl-tmp/MPDD/tubes/test/good/019.png": 0.12131042778491974, "/root/autodl-tmp/MPDD/tubes/test/good/020.png": 0.1120552346110344, "/root/autodl-tmp/MPDD/tubes/test/good/021.png": 0.1066713035106659, "/root/autodl-tmp/MPDD/tubes/test/good/022.png": 0.11044637858867645, "/root/autodl-tmp/MPDD/tubes/test/good/023.png": 0.10927903652191162, "/root/autodl-tmp/MPDD/tubes/test/good/024.png": 0.10920123755931854, "/root/autodl-tmp/MPDD/tubes/test/good/025.png": 0.11064004898071289, "/root/autodl-tmp/MPDD/tubes/test/good/026.png": 0.10933956503868103, "/root/autodl-tmp/MPDD/tubes/test/good/027.png": 0.1066889613866806, "/root/autodl-tmp/MPDD/tubes/test/good/028.png": 0.10884404182434082, "/root/autodl-tmp/MPDD/tubes/test/good/029.png": 0.10809547454118729, "/root/autodl-tmp/MPDD/tubes/test/good/030.png": 0.10540375858545303, "/root/autodl-tmp/MPDD/tubes/test/good/031.png": 0.0738096758723259}