{
  "certifiability_floors": {
    "candle": {
      "n_cal_defect": 50,
      "n_cal_good": 50,
      "alpha_min_g1": 0.0196078431372549,
      "alpha_min_g2": 0.0196078431372549,
      "g1_certified": true,
      "g2_certified": true
    },
    "capsules": {
      "n_cal_defect": 50,
      "n_cal_good": 30,
      "alpha_min_g1": 0.0196078431372549,
      "alpha_min_g2": 0.03225806451612903,
      "g1_certified": true,
      "g2_certified": true
    },
    "cashew": {
      "n_cal_defect": 50,
      "n_cal_good": 25,
      "alpha_min_g1": 0.0196078431372549,
      "alpha_min_g2": 0.038461538461538464,
      "g1_certified": true,
      "g2_certified": true
    },
    "chewinggum": {
      "n_cal_defect": 50,
      "n_cal_good": 25,
      "alpha_min_g1": 0.0196078431372549,
      "alpha_min_g2": 0.038461538461538464,
      "g1_certified": true,
      "g2_certified": true
    },
    "fryum": {
      "n_cal_defect": 50,
      "n_cal_good": 25,
      "alpha_min_g1": 0.0196078431372549,
      "alpha_min_g2": 0.038461538461538464,
      "g1_certified": true,
      "g2_certified": true
    },
    "macaroni1": {
      "n_cal_defect": 50,
      "n_cal_good": 50,
      "alpha_min_g1": 0.0196078431372549,
      "alpha_min_g2": 0.0196078431372549,
      "g1_certified": true,
      "g2_certified": true
    },
    "macaroni2": {
      "n_cal_defect": 50,
      "n_cal_good": 50,
      "alpha_min_g1": 0.0196078431372549,
      "alpha_min_g2": 0.0196078431372549,
      "g1_certified": true,
      "g2_certified": true
    },
    "pcb1": {
      "n_cal_defect": 50,
      "n_cal_good": 50,
      "alpha_min_g1": 0.0196078431372549,
      "alpha_min_g2": 0.0196078431372549,
      "g1_certified": true,
      "g2_certified": true
    },
    "pcb2": {
      "n_cal_defect": 50,
      "n_cal_good": 50,
      "alpha_min_g1": 0.0196078431372549,
      "alpha_min_g2": 0.0196078431372549,
      "g1_certified": true,
      "g2_certified": true
    },
    "pcb3": {
      "n_cal_defect": 50,
      "n_cal_good": 50,
      "alpha_min_g1": 0.0196078431372549,
      "alpha_min_g2": 0.0196078431372549,
      "g1_certified": true,
      "g2_certified": true
    },
    "pcb4": {
      "n_cal_defect": 50,
      "n_cal_good": 50,
      "alpha_min_g1": 0.0196078431372549,
      "alpha_min_g2": 0.0196078431372549,
      "g1_certified": true,
      "g2_certified": true
    },
    "pipe_fryum": {
      "n_cal_defect": 50,
      "n_cal_good": 25,
      "alpha_min_g1": 0.0196078431372549,
      "alpha_min_g2": 0.038461538461538464,
      "g1_certified": true,
      "g2_certified": true
    }
  },
  "v1": {
    "alpha_miss": 0.1,
    "alpha_fr": 0.05,
    "tolerance_pp": 0.03,
    "confidence": 0.95,
    "per_category": {
      "candle": {
        "tier1": {
          "mean_escaped_defect_rate": 0.09400000000000001,
          "mean_false_reject_rate": 0.036,
          "pass_escaped": true,
          "pass_false_reject": true,
          "pass_tier1": true
        },
        "tier2": {
          "n_eval_def_total": 1000,
          "n_eval_good_total": 1000,
          "min_n_def_required": 22,
          "min_n_good_required": 36,
          "underpowered_escaped": false,
          "underpowered_false_reject": false,
          "pooled_escaped_rate": 0.094,
          "pooled_false_reject_rate": 0.036,
          "escaped_ub_1sided": 0.11058203571530768,
          "false_reject_ub_1sided": 0.04726510664571574,
          "pass_escaped": true,
          "pass_false_reject": true
        },
        "n_repeats": 20,
        "mean_deferral_rate": 0.1075
      },
      "capsules": {
        "tier1": {
          "mean_escaped_defect_rate": 0.089,
          "mean_false_reject_rate": 0.03666666666666667,
          "pass_escaped": true,
          "pass_false_reject": true,
          "pass_tier1": true
        },
        "tier2": {
          "n_eval_def_total": 1000,
          "n_eval_good_total": 600,
          "min_n_def_required": 22,
          "min_n_good_required": 36,
          "underpowered_escaped": false,
          "underpowered_false_reject": false,
          "pooled_escaped_rate": 0.089,
          "pooled_false_reject_rate": 0.03666666666666667,
          "escaped_ub_1sided": 0.105226625504928,
          "false_reject_ub_1sided": 0.05194584446318109,
          "pass_escaped": true,
          "pass_false_reject": true
        },
        "n_repeats": 20,
        "mean_deferral_rate": 0.5750000000000001
      },
      "cashew": {
        "tier1": {
          "mean_escaped_defect_rate": 0.098,
          "mean_false_reject_rate": 0.036,
          "pass_escaped": true,
          "pass_false_reject": true,
          "pass_tier1": true
        },
        "tier2": {
          "n_eval_def_total": 1000,
          "n_eval_good_total": 500,
          "min_n_def_required": 22,
          "min_n_good_required": 36,
          "underpowered_escaped": false,
          "underpowered_false_reject": false,
          "pooled_escaped_rate": 0.098,
          "pooled_false_reject_rate": 0.036,
          "escaped_ub_1sided": 0.11485700813099771,
          "false_reject_ub_1sided": 0.052918336969788586,
          "pass_escaped": true,
          "pass_false_reject": true
        },
        "n_repeats": 20,
        "mean_deferral_rate": 0.12066666666666666
      },
      "chewinggum": {
        "tier1": {
          "mean_escaped_defect_rate": 0.039,
          "mean_false_reject_rate": 0.012,
          "pass_escaped": true,
          "pass_false_reject": true,
          "pass_tier1": true
        },
        "tier2": {
          "n_eval_def_total": 1000,
          "n_eval_good_total": 500,
          "min_n_def_required": 22,
          "min_n_good_required": 36,
          "underpowered_escaped": false,
          "underpowered_false_reject": false,
          "pooled_escaped_rate": 0.039,
          "pooled_false_reject_rate": 0.012,
          "escaped_ub_1sided": 0.050634006794887956,
          "false_reject_ub_1sided": 0.023546585483971323,
          "pass_escaped": true,
          "pass_false_reject": true
        },
        "n_repeats": 20,
        "mean_deferral_rate": 0.04333333333333333
      },
      "fryum": {
        "tier1": {
          "mean_escaped_defect_rate": 0.083,
          "mean_false_reject_rate": 0.05800000000000001,
          "pass_escaped": true,
          "pass_false_reject": true,
          "pass_tier1": true
        },
        "tier2": {
          "n_eval_def_total": 1000,
          "n_eval_good_total": 500,
          "min_n_def_required": 22,
          "min_n_good_required": 36,
          "underpowered_escaped": false,
          "underpowered_false_reject": false,
          "pooled_escaped_rate": 0.083,
          "pooled_false_reject_rate": 0.058,
          "escaped_ub_1sided": 0.0987816675147401,
          "false_reject_ub_1sided": 0.07824266578566919,
          "pass_escaped": true,
          "pass_false_reject": true
        },
        "n_repeats": 20,
        "mean_deferral_rate": 0.128
      },
      "macaroni1": {
        "tier1": {
          "mean_escaped_defect_rate": 0.1,
          "mean_false_reject_rate": 0.048,
          "pass_escaped": true,
          "pass_false_reject": true,
          "pass_tier1": true
        },
        "tier2": {
          "n_eval_def_total": 1000,
          "n_eval_good_total": 1000,
          "min_n_def_required": 22,
          "min_n_good_required": 36,
          "underpowered_escaped": false,
          "underpowered_false_reject": false,
          "pooled_escaped_rate": 0.1,
          "pooled_false_reject_rate": 0.048,
          "escaped_ub_1sided": 0.11699153209636791,
          "false_reject_ub_1sided": 0.06065249047916688,
          "pass_escaped": true,
          "pass_false_reject": true
        },
        "n_repeats": 20,
        "mean_deferral_rate": 0.5185000000000001
      },
      "macaroni2": {
        "tier1": {
          "mean_escaped_defect_rate": 0.09600000000000002,
          "mean_false_reject_rate": 0.05,
          "pass_escaped": true,