{
  "certifiability_floors": {
    "candle": {
      "n_cal_defect": 50,
      "n_cal_good": 50,
      "alpha_min_g1": 0.0196078431372549,
      "alpha_min_g2": 0.0196078431372549,
      "g1_certified": true,
      "g2_certified": true
    },
    "capsules": {
      "n_cal_defect": 50,
      "n_cal_good": 30,
      "alpha_min_g1": 0.0196078431372549,
      "alpha_min_g2": 0.03225806451612903,
      "g1_certified": true,
      "g2_certified": true
    },
    "cashew": {
      "n_cal_defect": 50,
      "n_cal_good": 25,
      "alpha_min_g1": 0.0196078431372549,
      "alpha_min_g2": 0.038461538461538464,
      "g1_certified": true,
      "g2_certified": true
    },
    "chewinggum": {
      "n_cal_defect": 50,
      "n_cal_good": 25,
      "alpha_min_g1": 0.0196078431372549,
      "alpha_min_g2": 0.038461538461538464,
      "g1_certified": true,
      "g2_certified": true
    },
    "fryum": {
      "n_cal_defect": 50,
      "n_cal_good": 25,
      "alpha_min_g1": 0.0196078431372549,
      "alpha_min_g2": 0.038461538461538464,
      "g1_certified": true,
      "g2_certified": true
    },
    "macaroni1": {
      "n_cal_defect": 50,
      "n_cal_good": 50,
      "alpha_min_g1": 0.0196078431372549,
      "alpha_min_g2": 0.0196078431372549,
      "g1_certified": true,
      "g2_certified": true
    },
    "macaroni2": {
      "n_cal_defect": 50,
      "n_cal_good": 50,
      "alpha_min_g1": 0.0196078431372549,
      "alpha_min_g2": 0.0196078431372549,
      "g1_certified": true,
      "g2_certified": true
    },
    "pcb1": {
      "n_cal_defect": 50,
      "n_cal_good": 50,
      "alpha_min_g1": 0.0196078431372549,
      "alpha_min_g2": 0.0196078431372549,
      "g1_certified": true,
      "g2_certified": true
    },
    "pcb2": {
      "n_cal_defect": 50,
      "n_cal_good": 50,
      "alpha_min_g1": 0.0196078431372549,
      "alpha_min_g2": 0.0196078431372549,
      "g1_certified": true,
      "g2_certified": true
    },
    "pcb3": {
      "n_cal_defect": 50,
      "n_cal_good": 50,
      "alpha_min_g1": 0.0196078431372549,
      "alpha_min_g2": 0.0196078431372549,
      "g1_certified": true,
      "g2_certified": true
    },
    "pcb4": {
      "n_cal_defect": 50,
      "n_cal_good": 50,
      "alpha_min_g1": 0.0196078431372549,
      "alpha_min_g2": 0.0196078431372549,
      "g1_certified": true,
      "g2_certified": true
    },
    "pipe_fryum": {
      "n_cal_defect": 50,
      "n_cal_good": 25,
      "alpha_min_g1": 0.0196078431372549,
      "alpha_min_g2": 0.038461538461538464,
      "g1_certified": true,
      "g2_certified": true
    }
  },
  "v1": {
    "alpha_miss": 0.1,
    "alpha_fr": 0.05,
    "tolerance_pp": 0.03,
    "confidence": 0.95,
    "per_category": {
      "candle": {
        "tier1": {
          "mean_escaped_defect_rate": 0.09900000000000002,
          "mean_false_reject_rate": 0.041,
          "pass_escaped": true,
          "pass_false_reject": true,
          "pass_tier1": true
        },
        "tier2": {
          "n_eval_def_total": 1000,
          "n_eval_good_total": 1000,
          "min_n_def_required": 22,
          "min_n_good_required": 36,
          "underpowered_escaped": false,
          "underpowered_false_reject": false,
          "pooled_escaped_rate": 0.099,
          "pooled_false_reject_rate": 0.041,
          "escaped_ub_1sided": 0.11592451141652606,
          "false_reject_ub_1sided": 0.05287111505401791,
          "pass_escaped": true,
          "pass_false_reject": true
        },
        "n_repeats": 20,
        "mean_deferral_rate": 0.11550000000000002
      },
      "capsules": {
        "tier1": {
          "mean_escaped_defect_rate": 0.084,
          "mean_false_reject_rate": 0.04333333333333333,
          "pass_escaped": true,
          "pass_false_reject": true,
          "pass_tier1": true
        },
        "tier2": {
          "n_eval_def_total": 1000,
          "n_eval_good_total": 600,
          "min_n_def_required": 22,
          "min_n_good_required": 36,
          "underpowered_escaped": false,
          "underpowered_false_reject": false,
          "pooled_escaped_rate": 0.084,
          "pooled_false_reject_rate": 0.043333333333333335,
          "escaped_ub_1sided": 0.09985729905177676,
          "false_reject_ub_1sided": 0.05962042690558387,
          "pass_escaped": true,
          "pass_false_reject": true
        },
        "n_repeats": 20,
        "mean_deferral_rate": 0.5900000000000001
      },
      "cashew": {
        "tier1": {
          "mean_escaped_defect_rate": 0.10300000000000002,
          "mean_false_reject_rate": 0.032,
          "pass_escaped": true,
          "pass_false_reject": true,
          "pass_tier1": true
        },
        "tier2": {
          "n_eval_def_total": 1000,
          "n_eval_good_total": 500,
          "min_n_def_required": 22,
          "min_n_good_required": 36,
          "underpowered_escaped": false,
          "underpowered_false_reject": false,
          "pooled_escaped_rate": 0.103,
          "pooled_false_reject_rate": 0.032,
          "escaped_ub_1sided": 0.12018976148213555,
          "false_reject_ub_1sided": 0.048198148669046995,
          "pass_escaped": true,
          "pass_false_reject": true
        },
        "n_repeats": 20,
        "mean_deferral_rate": 0.126
      },
      "chewinggum": {
        "tier1": {
          "mean_escaped_defect_rate": 0.03700000000000001,
          "mean_false_reject_rate": 0.004,
          "pass_escaped": true,
          "pass_false_reject": true,
          "pass_tier1": true
        },
        "tier2": {
          "n_eval_def_total": 1000,
          "n_eval_good_total": 500,
          "min_n_def_required": 22,
          "min_n_good_required": 36,
          "underpowered_escaped": false,
          "underpowered_false_reject": false,
          "pooled_escaped_rate": 0.037,
          "pooled_false_reject_rate": 0.004,
          "escaped_ub_1sided": 0.04838992666597339,
          "false_reject_ub_1sided": 0.012537605409672668,
          "pass_escaped": true,
          "pass_false_reject": true
        },
        "n_repeats": 20,
        "mean_deferral_rate": 0.037333333333333336
      },
      "fryum": {
        "tier1": {
          "mean_escaped_defect_rate": 0.08300000000000002,
          "mean_false_reject_rate": 0.066,
          "pass_escaped": true,
          "pass_false_reject": true,
          "pass_tier1": true
        },
        "tier2": {
          "n_eval_def_total": 1000,
          "n_eval_good_total": 500,
          "min_n_def_required": 22,
          "min_n_good_required": 36,
          "underpowered_escaped": false,
          "underpowered_false_reject": false,
          "pooled_escaped_rate": 0.083,
          "pooled_false_reject_rate": 0.066,
          "escaped_ub_1sided": 0.0987816675147401,
          "false_reject_ub_1sided": 0.08726008837009928,
          "pass_escaped": true,
          "pass_false_reject": false
        },
        "n_repeats": 20,
        "mean_deferral_rate": 0.14733333333333334
      },
      "macaroni1": {
        "tier1": {
          "mean_escaped_defect_rate": 0.094,
          "mean_false_reject_rate": 0.045,
          "pass_escaped": true,
          "pass_false_reject": true,
          "pass_tier1": true
        },
        "tier2": {
          "n_eval_def_total": 1000,
          "n_eval_good_total": 1000,
          "min_n_def_required": 22,
          "min_n_good_required": 36,
          "underpowered_escaped": false,
          "underpowered_false_reject": false,
          "pooled_escaped_rate": 0.094,
          "pooled_false_reject_rate": 0.045,
          "escaped_ub_1sided": 0.11058203571530768,
          "false_reject_ub_1sided": 0.057326263253131136,
          "pass_escaped": true,
          "pass_false_reject": true
        },
        "n_repeats": 20,
        "mean_deferral_rate": 0.5695
      },
      "macaroni2": {
        "tier1": {
          "mean_escaped_defect_rate": 0.09200000000000001,
          "mean_false_reject_rate": 0.044,