{
  "certifiability_floors": {
    "candle": {
      "n_cal_defect": 50,
      "n_cal_good": 50,
      "alpha_min_g1": 0.0196078431372549,
      "alpha_min_g2": 0.0196078431372549,
      "g1_certified": true,
      "g2_certified": true
    },
    "capsules": {
      "n_cal_defect": 50,
      "n_cal_good": 30,
      "alpha_min_g1": 0.0196078431372549,
      "alpha_min_g2": 0.03225806451612903,
      "g1_certified": true,
      "g2_certified": true
    },
    "cashew": {
      "n_cal_defect": 50,
      "n_cal_good": 25,
      "alpha_min_g1": 0.0196078431372549,
      "alpha_min_g2": 0.038461538461538464,
      "g1_certified": true,
      "g2_certified": true
    },
    "chewinggum": {
      "n_cal_defect": 50,
      "n_cal_good": 25,
      "alpha_min_g1": 0.0196078431372549,
      "alpha_min_g2": 0.038461538461538464,
      "g1_certified": true,
      "g2_certified": true
    },
    "fryum": {
      "n_cal_defect": 50,
      "n_cal_good": 25,
      "alpha_min_g1": 0.0196078431372549,
      "alpha_min_g2": 0.038461538461538464,
      "g1_certified": true,
      "g2_certified": true
    },
    "macaroni1": {
      "n_cal_defect": 50,
      "n_cal_good": 50,
      "alpha_min_g1": 0.0196078431372549,
      "alpha_min_g2": 0.0196078431372549,
      "g1_certified": true,
      "g2_certified": true
    },
    "macaroni2": {
      "n_cal_defect": 50,
      "n_cal_good": 50,
      "alpha_min_g1": 0.0196078431372549,
      "alpha_min_g2": 0.0196078431372549,
      "g1_certified": true,
      "g2_certified": true
    },
    "pcb1": {
      "n_cal_defect": 50,
      "n_cal_good": 50,
      "alpha_min_g1": 0.0196078431372549,
      "alpha_min_g2": 0.0196078431372549,
      "g1_certified": true,
      "g2_certified": true
    },
    "pcb2": {
      "n_cal_defect": 50,
      "n_cal_good": 50,
      "alpha_min_g1": 0.0196078431372549,
      "alpha_min_g2": 0.0196078431372549,
      "g1_certified": true,
      "g2_certified": true
    },
    "pcb3": {
      "n_cal_defect": 50,
      "n_cal_good": 50,
      "alpha_min_g1": 0.0196078431372549,
      "alpha_min_g2": 0.0196078431372549,
      "g1_certified": true,
      "g2_certified": true
    },
    "pcb4": {
      "n_cal_defect": 50,
      "n_cal_good": 50,
      "alpha_min_g1": 0.0196078431372549,
      "alpha_min_g2": 0.0196078431372549,
      "g1_certified": true,
      "g2_certified": true
    },
    "pipe_fryum": {
      "n_cal_defect": 50,
      "n_cal_good": 25,
      "alpha_min_g1": 0.0196078431372549,
      "alpha_min_g2": 0.038461538461538464,
      "g1_certified": true,
      "g2_certified": true
    }
  },
  "v1": {
    "alpha_miss": 0.1,
    "alpha_fr": 0.05,
    "tolerance_pp": 0.03,
    "confidence": 0.95,
    "per_category": {
      "candle": {
        "tier1": {
          "mean_escaped_defect_rate": 0.09300000000000001,
          "mean_false_reject_rate": 0.036000000000000004,
          "pass_escaped": true,
          "pass_false_reject": true,
          "pass_tier1": true
        },
        "tier2": {
          "n_eval_def_total": 1000,
          "n_eval_good_total": 1000,
          "min_n_def_required": 22,
          "min_n_good_required": 36,
          "underpowered_escaped": false,
          "underpowered_false_reject": false,
          "pooled_escaped_rate": 0.093,
          "pooled_false_reject_rate": 0.036,
          "escaped_ub_1sided": 0.10951201797504015,
          "false_reject_ub_1sided": 0.04726510664571574,
          "pass_escaped": true,
          "pass_false_reject": true
        },
        "n_repeats": 20,
        "mean_deferral_rate": 0.1155
      },
      "capsules": {
        "tier1": {
          "mean_escaped_defect_rate": 0.08499999999999999,
          "mean_false_reject_rate": 0.025,
          "pass_escaped": true,
          "pass_false_reject": true,
          "pass_tier1": true
        },
        "tier2": {
          "n_eval_def_total": 1000,
          "n_eval_good_total": 600,
          "min_n_def_required": 22,
          "min_n_good_required": 36,
          "underpowered_escaped": false,
          "underpowered_false_reject": false,
          "pooled_escaped_rate": 0.085,
          "pooled_false_reject_rate": 0.025,
          "escaped_ub_1sided": 0.10093232941669555,
          "false_reject_ub_1sided": 0.03823513440325779,
          "pass_escaped": true,
          "pass_false_reject": true
        },
        "n_repeats": 20,
        "mean_deferral_rate": 0.61875
      },
      "cashew": {
        "tier1": {
          "mean_escaped_defect_rate": 0.099,
          "mean_false_reject_rate": 0.032,
          "pass_escaped": true,
          "pass_false_reject": true,
          "pass_tier1": true
        },
        "tier2": {
          "n_eval_def_total": 1000,
          "n_eval_good_total": 500,
          "min_n_def_required": 22,
          "min_n_good_required": 36,
          "underpowered_escaped": false,
          "underpowered_false_reject": false,
          "pooled_escaped_rate": 0.099,
          "pooled_false_reject_rate": 0.032,
          "escaped_ub_1sided": 0.11592451141652606,
          "false_reject_ub_1sided": 0.048198148669046995,
          "pass_escaped": true,
          "pass_false_reject": true
        },
        "n_repeats": 20,
        "mean_deferral_rate": 0.12266666666666667
      },
      "chewinggum": {
        "tier1": {
          "mean_escaped_defect_rate": 0.034,
          "mean_false_reject_rate": 0.004,
          "pass_escaped": true,
          "pass_false_reject": true,
          "pass_tier1": true
        },
        "tier2": {
          "n_eval_def_total": 1000,
          "n_eval_good_total": 500,
          "min_n_def_required": 22,
          "min_n_good_required": 36,
          "underpowered_escaped": false,
          "underpowered_false_reject": false,
          "pooled_escaped_rate": 0.034,
          "pooled_false_reject_rate": 0.004,
          "escaped_ub_1sided": 0.04500953572170077,
          "false_reject_ub_1sided": 0.012537605409672668,
          "pass_escaped": true,
          "pass_false_reject": true
        },
        "n_repeats": 20,
        "mean_deferral_rate": 0.04333333333333333
      },
      "fryum": {
        "tier1": {
          "mean_escaped_defect_rate": 0.08600000000000001,
          "mean_false_reject_rate": 0.06799999999999999,
          "pass_escaped": true,
          "pass_false_reject": true,
          "pass_tier1": true
        },
        "tier2": {
          "n_eval_def_total": 1000,
          "n_eval_good_total": 500,
          "min_n_def_required": 22,
          "min_n_good_required": 36,
          "underpowered_escaped": false,
          "underpowered_false_reject": false,
          "pooled_escaped_rate": 0.086,
          "pooled_false_reject_rate": 0.068,
          "escaped_ub_1sided": 0.10200676812671344,
          "false_reject_ub_1sided": 0.0895023066295731,
          "pass_escaped": true,
          "pass_false_reject": false
        },
        "n_repeats": 20,
        "mean_deferral_rate": 0.09666666666666665
      },
      "macaroni1": {
        "tier1": {
          "mean_escaped_defect_rate": 0.095,
          "mean_false_reject_rate": 0.045,
          "pass_escaped": true,
          "pass_false_reject": true,
          "pass_tier1": true
        },
        "tier2": {
          "n_eval_def_total": 1000,
          "n_eval_good_total": 1000,
          "min_n_def_required": 22,
          "min_n_good_required": 36,
          "underpowered_escaped": false,
          "underpowered_false_reject": false,
          "pooled_escaped_rate": 0.095,
          "pooled_false_reject_rate": 0.045,
          "escaped_ub_1sided": 0.11165153645820061,
          "false_reject_ub_1sided": 0.057326263253131136,
          "pass_escaped": true,
          "pass_false_reject": true
        },
        "n_repeats": 20,
        "mean_deferral_rate": 0.544
      },
      "macaroni2": {
        "tier1": {
          "mean_escaped_defect_rate": 0.098,
          "mean_false_reject_rate": 0.043000000000000003,
          "pass_escaped": true,