{
  "certifiability_floors": {
    "candle": {
      "n_cal_defect": 50,
      "n_cal_good": 50,
      "alpha_min_g1": 0.0196078431372549,
      "alpha_min_g2": 0.0196078431372549,
      "g1_certified": true,
      "g2_certified": true
    },
    "capsules": {
      "n_cal_defect": 50,
      "n_cal_good": 30,
      "alpha_min_g1": 0.0196078431372549,
      "alpha_min_g2": 0.03225806451612903,
      "g1_certified": true,
      "g2_certified": true
    },
    "cashew": {
      "n_cal_defect": 50,
      "n_cal_good": 25,
      "alpha_min_g1": 0.0196078431372549,
      "alpha_min_g2": 0.038461538461538464,
      "g1_certified": true,
      "g2_certified": true
    },
    "chewinggum": {
      "n_cal_defect": 50,
      "n_cal_good": 25,
      "alpha_min_g1": 0.0196078431372549,
      "alpha_min_g2": 0.038461538461538464,
      "g1_certified": true,
      "g2_certified": true
    },
    "fryum": {
      "n_cal_defect": 50,
      "n_cal_good": 25,
      "alpha_min_g1": 0.0196078431372549,
      "alpha_min_g2": 0.038461538461538464,
      "g1_certified": true,
      "g2_certified": true
    },
    "macaroni1": {
      "n_cal_defect": 50,
      "n_cal_good": 50,
      "alpha_min_g1": 0.0196078431372549,
      "alpha_min_g2": 0.0196078431372549,
      "g1_certified": true,
      "g2_certified": true
    },
    "macaroni2": {
      "n_cal_defect": 50,
      "n_cal_good": 50,
      "alpha_min_g1": 0.0196078431372549,
      "alpha_min_g2": 0.0196078431372549,
      "g1_certified": true,
      "g2_certified": true
    },
    "pcb1": {
      "n_cal_defect": 50,
      "n_cal_good": 50,
      "alpha_min_g1": 0.0196078431372549,
      "alpha_min_g2": 0.0196078431372549,
      "g1_certified": true,
      "g2_certified": true
    },
    "pcb2": {
      "n_cal_defect": 50,
      "n_cal_good": 50,
      "alpha_min_g1": 0.0196078431372549,
      "alpha_min_g2": 0.0196078431372549,
      "g1_certified": true,
      "g2_certified": true
    },
    "pcb3": {
      "n_cal_defect": 50,
      "n_cal_good": 50,
      "alpha_min_g1": 0.0196078431372549,
      "alpha_min_g2": 0.0196078431372549,
      "g1_certified": true,
      "g2_certified": true
    },
    "pcb4": {
      "n_cal_defect": 50,
      "n_cal_good": 50,
      "alpha_min_g1": 0.0196078431372549,
      "alpha_min_g2": 0.0196078431372549,
      "g1_certified": true,
      "g2_certified": true
    },
    "pipe_fryum": {
      "n_cal_defect": 50,
      "n_cal_good": 25,
      "alpha_min_g1": 0.0196078431372549,
      "alpha_min_g2": 0.038461538461538464,
      "g1_certified": true,
      "g2_certified": true
    }
  },
  "v1": {
    "alpha_miss": 0.1,
    "alpha_fr": 0.05,
    "tolerance_pp": 0.03,
    "confidence": 0.95,
    "per_category": {
      "candle": {
        "tier1": {
          "mean_escaped_defect_rate": 0.09000000000000001,
          "mean_false_reject_rate": 0.037000000000000005,
          "pass_escaped": true,
          "pass_false_reject": true,
          "pass_tier1": true
        },
        "tier2": {
          "n_eval_def_total": 1000,
          "n_eval_good_total": 1000,
          "min_n_def_required": 22,
          "min_n_good_required": 36,
          "underpowered_escaped": false,
          "underpowered_false_reject": false,
          "pooled_escaped_rate": 0.09,
          "pooled_false_reject_rate": 0.037,
          "escaped_ub_1sided": 0.10629878751370016,
          "false_reject_ub_1sided": 0.04838992666597339,
          "pass_escaped": true,
          "pass_false_reject": true
        },
        "n_repeats": 20,
        "mean_deferral_rate": 0.1075
      },
      "capsules": {
        "tier1": {
          "mean_escaped_defect_rate": 0.07400000000000002,
          "mean_false_reject_rate": 0.03666666666666667,
          "pass_escaped": true,
          "pass_false_reject": true,
          "pass_tier1": true
        },
        "tier2": {
          "n_eval_def_total": 1000,
          "n_eval_good_total": 600,
          "min_n_def_required": 22,
          "min_n_good_required": 36,
          "underpowered_escaped": false,
          "underpowered_false_reject": false,
          "pooled_escaped_rate": 0.074,
          "pooled_false_reject_rate": 0.03666666666666667,
          "escaped_ub_1sided": 0.08907221105799837,
          "false_reject_ub_1sided": 0.05194584446318109,
          "pass_escaped": true,
          "pass_false_reject": true
        },
        "n_repeats": 20,
        "mean_deferral_rate": 0.6475000000000001
      },
      "cashew": {
        "tier1": {
          "mean_escaped_defect_rate": 0.10100000000000002,
          "mean_false_reject_rate": 0.038,
          "pass_escaped": true,
          "pass_false_reject": true,
          "pass_tier1": true
        },
        "tier2": {
          "n_eval_def_total": 1000,
          "n_eval_good_total": 500,
          "min_n_def_required": 22,
          "min_n_good_required": 36,
          "underpowered_escaped": false,
          "underpowered_false_reject": false,
          "pooled_escaped_rate": 0.101,
          "pooled_false_reject_rate": 0.038,
          "escaped_ub_1sided": 0.11805807654530935,
          "false_reject_ub_1sided": 0.05526191944579739,
          "pass_escaped": true,
          "pass_false_reject": true
        },
        "n_repeats": 20,
        "mean_deferral_rate": 0.12333333333333334
      },
      "chewinggum": {
        "tier1": {
          "mean_escaped_defect_rate": 0.038,
          "mean_false_reject_rate": 0.006,
          "pass_escaped": true,
          "pass_false_reject": true,
          "pass_tier1": true
        },
        "tier2": {
          "n_eval_def_total": 1000,
          "n_eval_good_total": 500,
          "min_n_def_required": 22,
          "min_n_good_required": 36,
          "underpowered_escaped": false,
          "underpowered_false_reject": false,
          "pooled_escaped_rate": 0.038,
          "pooled_false_reject_rate": 0.006,
          "escaped_ub_1sided": 0.04951287025592598,
          "false_reject_ub_1sided": 0.015433734876752685,
          "pass_escaped": true,
          "pass_false_reject": true
        },
        "n_repeats": 20,
        "mean_deferral_rate": 0.035333333333333335
      },
      "fryum": {
        "tier1": {
          "mean_escaped_defect_rate": 0.08500000000000002,
          "mean_false_reject_rate": 0.044000000000000004,
          "pass_escaped": true,
          "pass_false_reject": true,
          "pass_tier1": true
        },
        "tier2": {
          "n_eval_def_total": 1000,
          "n_eval_good_total": 500,
          "min_n_def_required": 22,
          "min_n_good_required": 36,
          "underpowered_escaped": false,
          "underpowered_false_reject": false,
          "pooled_escaped_rate": 0.085,
          "pooled_false_reject_rate": 0.044,
          "escaped_ub_1sided": 0.10093232941669555,
          "false_reject_ub_1sided": 0.062235678440444864,
          "pass_escaped": true,
          "pass_false_reject": true
        },
        "n_repeats": 20,
        "mean_deferral_rate": 0.10466666666666666
      },
      "macaroni1": {
        "tier1": {
          "mean_escaped_defect_rate": 0.096,
          "mean_false_reject_rate": 0.04400000000000001,
          "pass_escaped": true,
          "pass_false_reject": true,
          "pass_tier1": true
        },
        "tier2": {
          "n_eval_def_total": 1000,
          "n_eval_good_total": 1000,
          "min_n_def_required": 22,
          "min_n_good_required": 36,
          "underpowered_escaped": false,
          "underpowered_false_reject": false,
          "pooled_escaped_rate": 0.096,
          "pooled_false_reject_rate": 0.044,
          "escaped_ub_1sided": 0.11272052743810965,
          "false_reject_ub_1sided": 0.05621472979086176,
          "pass_escaped": true,
          "pass_false_reject": true
        },
        "n_repeats": 20,
        "mean_deferral_rate": 0.506
      },
      "macaroni2": {
        "tier1": {
          "mean_escaped_defect_rate": 0.10500000000000001,