{"/root/autodl-tmp/MPDD/connector/test/good/000.png": 0.07800573855638504, "/root/autodl-tmp/MPDD/connector/test/good/001.png": 0.09463923424482346, "/root/autodl-tmp/MPDD/connector/test/good/002.png": 0.08231370151042938, "/root/autodl-tmp/MPDD/connector/test/good/003.png": 0.08220120519399643, "/root/autodl-tmp/MPDD/connector/test/good/004.png": 0.10719200223684311, "/root/autodl-tmp/MPDD/connector/test/good/005.png": 0.08254747092723846, "/root/autodl-tmp/MPDD/connector/test/good/006.png": 0.10208001732826233, "/root/autodl-tmp/MPDD/connector/test/good/007.png": 0.06862948089838028, "/root/autodl-tmp/MPDD/connector/test/good/008.png": 0.11459741741418839, "/root/autodl-tmp/MPDD/connector/test/good/009.png": 0.06274229288101196, "/root/autodl-tmp/MPDD/connector/test/good/010.png": 0.08959060907363892, "/root/autodl-tmp/MPDD/connector/test/good/011.png": 0.07340362668037415, "/root/autodl-tmp/MPDD/connector/test/good/012.png": 0.07854434847831726, "/root/autodl-tmp/MPDD/connector/test/good/013.png": 0.08328486979007721, "/root/autodl-tmp/MPDD/connector/test/good/014.png": 0.08607929199934006, "/root/autodl-tmp/MPDD/connector/test/good/015.png": 0.06206761673092842, "/root/autodl-tmp/MPDD/connector/test/good/016.png": 0.07224447280168533, "/root/autodl-tmp/MPDD/connector/test/good/017.png": 0.07252000272274017, "/root/autodl-tmp/MPDD/connector/test/good/018.png": 0.07173628360033035, "/root/autodl-tmp/MPDD/connector/test/good/019.png": 0.09227804839611053, "/root/autodl-tmp/MPDD/connector/test/good/020.png": 0.052778661251068115, "/root/autodl-tmp/MPDD/connector/test/good/021.png": 0.07059337943792343, "/root/autodl-tmp/MPDD/connector/test/good/022.png": 0.0858711451292038, "/root/autodl-tmp/MPDD/connector/test/good/023.png": 0.06611117720603943, "/root/autodl-tmp/MPDD/connector/test/good/024.png": 0.07269162684679031, "/root/autodl-tmp/MPDD/connector/test/good/025.png": 0.07346245646476746, "/root/autodl-tmp/MPDD/connector/test/good/026.png": 0.05754962936043739, "/root/autodl-tmp/MPDD/connector/test/good/027.png": 0.056384313851594925, "/root/autodl-tmp/MPDD/connector/test/good/028.png": 0.08651793748140335, "/root/autodl-tmp/MPDD/connector/test/good/029.png": 0.09096098691225052, "/root/autodl-tmp/MPDD/connector/test/parts_mismatch/000.png": 0.2007516622543335, "/root/autodl-tmp/MPDD/connector/test/parts_mismatch/001.png": 0.15771007537841797, "/root/autodl-tmp/MPDD/connector/test/parts_mismatch/002.png": 0.151952862739563, "/root/autodl-tmp/MPDD/connector/test/parts_mismatch/003.png": 0.15728051960468292, "/root/autodl-tmp/MPDD/connector/test/parts_mismatch/004.png": 0.17892694473266602, "/root/autodl-tmp/MPDD/connector/test/parts_mismatch/005.png": 0.17300783097743988, "/root/autodl-tmp/MPDD/connector/test/parts_mismatch/006.png": 0.1739516407251358, "/root/autodl-tmp/MPDD/connector/test/parts_mismatch/007.png": 0.1528121829032898, "/root/autodl-tmp/MPDD/connector/test/parts_mismatch/008.png": 0.17476850748062134, "/root/autodl-tmp/MPDD/connector/test/parts_mismatch/009.png": 0.17832288146018982, "/root/autodl-tmp/MPDD/connector/test/parts_mismatch/010.png": 0.18960165977478027, "/root/autodl-tmp/MPDD/connector/test/parts_mismatch/011.png": 0.1896131932735443, "/root/autodl-tmp/MPDD/connector/test/parts_mismatch/012.png": 0.1750010997056961, "/root/autodl-tmp/MPDD/connector/test/parts_mismatch/013.png": 0.17785151302814484}