{"/root/autodl-tmp/MPDD/metal_plate/test/good/000.png": 0.13577568531036377, "/root/autodl-tmp/MPDD/metal_plate/test/good/001.png": 0.14132282137870789, "/root/autodl-tmp/MPDD/metal_plate/test/good/002.png": 0.15191619098186493, "/root/autodl-tmp/MPDD/metal_plate/test/good/003.png": 0.1256542205810547, "/root/autodl-tmp/MPDD/metal_plate/test/good/004.png": 0.09215573966503143, "/root/autodl-tmp/MPDD/metal_plate/test/good/005.png": 0.11170382052659988, "/root/autodl-tmp/MPDD/metal_plate/test/good/006.png": 0.0881219133734703, "/root/autodl-tmp/MPDD/metal_plate/test/good/007.png": 0.08611053973436356, "/root/autodl-tmp/MPDD/metal_plate/test/good/008.png": 0.09059982746839523, "/root/autodl-tmp/MPDD/metal_plate/test/good/009.png": 0.10834387689828873, "/root/autodl-tmp/MPDD/metal_plate/test/good/010.png": 0.09779045730829239, "/root/autodl-tmp/MPDD/metal_plate/test/good/011.png": 0.10220789164304733, "/root/autodl-tmp/MPDD/metal_plate/test/good/012.png": 0.0983913391828537, "/root/autodl-tmp/MPDD/metal_plate/test/good/013.png": 0.09560038894414902, "/root/autodl-tmp/MPDD/metal_plate/test/good/014.png": 0.08493522554636002, "/root/autodl-tmp/MPDD/metal_plate/test/good/015.png": 0.10690119117498398, "/root/autodl-tmp/MPDD/metal_plate/test/good/016.png": 0.1141192689538002, "/root/autodl-tmp/MPDD/metal_plate/test/good/017.png": 0.09832490235567093, "/root/autodl-tmp/MPDD/metal_plate/test/good/018.png": 0.1098593920469284, "/root/autodl-tmp/MPDD/metal_plate/test/good/019.png": 0.111292764544487, "/root/autodl-tmp/MPDD/metal_plate/test/good/020.png": 0.1103219985961914, "/root/autodl-tmp/MPDD/metal_plate/test/good/021.png": 0.10265126824378967, "/root/autodl-tmp/MPDD/metal_plate/test/good/022.png": 0.1033349558711052, "/root/autodl-tmp/MPDD/metal_plate/test/good/023.png": 0.11059403419494629, "/root/autodl-tmp/MPDD/metal_plate/test/good/024.png": 0.0914398655295372, "/root/autodl-tmp/MPDD/metal_plate/test/good/025.png": 0.10032059997320175, "/root/autodl-tmp/MPDD/metal_plate/test/major_rust/000.png": 0.31343117356300354, "/root/autodl-tmp/MPDD/metal_plate/test/major_rust/001.png": 0.3255713880062103, "/root/autodl-tmp/MPDD/metal_plate/test/major_rust/002.png": 0.3091714084148407, "/root/autodl-tmp/MPDD/metal_plate/test/major_rust/003.png": 0.3221352994441986, "/root/autodl-tmp/MPDD/metal_plate/test/major_rust/004.png": 0.3059321641921997, "/root/autodl-tmp/MPDD/metal_plate/test/major_rust/005.png": 0.30740201473236084, "/root/autodl-tmp/MPDD/metal_plate/test/major_rust/006.png": 0.3233099579811096, "/root/autodl-tmp/MPDD/metal_plate/test/major_rust/007.png": 0.31634995341300964, "/root/autodl-tmp/MPDD/metal_plate/test/major_rust/008.png": 0.31997281312942505, "/root/autodl-tmp/MPDD/metal_plate/test/major_rust/009.png": 0.314037948846817, "/root/autodl-tmp/MPDD/metal_plate/test/major_rust/010.png": 0.3006194829940796, "/root/autodl-tmp/MPDD/metal_plate/test/major_rust/011.png": 0.3099108934402466, "/root/autodl-tmp/MPDD/metal_plate/test/major_rust/012.png": 0.34141990542411804, "/root/autodl-tmp/MPDD/metal_plate/test/major_rust/013.png": 0.3187047243118286, "/root/autodl-tmp/MPDD/metal_plate/test/scratches/000.png": 0.2998952269554138, "/root/autodl-tmp/MPDD/metal_plate/test/scratches/001.png": 0.30821692943573, "/root/autodl-tmp/MPDD/metal_plate/test/scratches/002.png": 0.33191877603530884, "/root/autodl-tmp/MPDD/metal_plate/test/scratches/003.png": 0.34318414330482483, "/root/autodl-tmp/MPDD/metal_plate/test/scratches/004.png": 0.4266846776008606, "/root/autodl-tmp/MPDD/metal_plate/test/scratches/005.png": 0.4104369282722473, "/root/autodl-tmp/MPDD/metal_plate/test/scratches/006.png": 0.3601289987564087, "/root/autodl-tmp/MPDD/metal_plate/test/scratches/007.png": 0.37057000398635864, "/root/autodl-tmp/MPDD/metal_plate/test/scratches/008.png": 0.39285045862197876, "/root/autodl-tmp/MPDD/metal_plate/test/scratches/009.png": 0.40678367018699646, "/root/autodl-tmp/MPDD/metal_plate/test/scratches/010.png": 0.3772989809513092, "/root/autodl-tmp/MPDD/metal_plate/test/scratches/011.png": 0.3980867266654968, "/root/autodl-tmp/MPDD/metal_plate/test/scratches/012.png": 0.45892810821533203, "/root/autodl-tmp/MPDD/metal_plate/test/scratches/013.png": 0.4015313386917114, "/root/autodl-tmp/MPDD/metal_plate/test/scratches/014.png": 0.3004947006702423, "/root/autodl-tmp/MPDD/metal_plate/test/scratches/015.png": 0.2964255213737488, "/root/autodl-tmp/MPDD/metal_plate/test/scratches/016.png": 0.3234649896621704, "/root/autodl-tmp/MPDD/metal_plate/test/scratches/017.png": 0.30377575755119324, "/root/autodl-tmp/MPDD/metal_plate/test/scratches/018.png": 0.3141959309577942, "/root/autodl-tmp/MPDD/metal_plate/test/scratches/019.png": 0.3553755581378937, "/root/autodl-tmp/MPDD/metal_plate/test/scratches/020.png": 0.3033357858657837, "/root/autodl-tmp/MPDD/metal_plate/test/scratches/021.png": 0.3719540536403656, "/root/autodl-tmp/MPDD/metal_plate/test/scratches/022.png": 0.3840959668159485, "/root/autodl-tmp/MPDD/metal_plate/test/scratches/023.png": 0.3903329074382782, "/root/autodl-tmp/MPDD/metal_plate/test/scratches/024.png": 0.3585417568683624, "/root/autodl-tmp/MPDD/metal_plate/test/scratches/025.png": 0.3234168291091919, "/root/autodl-tmp/MPDD/metal_plate/test/scratches/026.png": 0.3177071809768677, "/root/autodl-tmp/MPDD/metal_plate/test/scratches/027.png": 0.2955126166343689, "/root/autodl-tmp/MPDD/metal_plate/test/scratches/028.png": 0.3152920603752136, "/root/autodl-tmp/MPDD/metal_plate/test/scratches/029.png": 0.3042662739753723, "/root/autodl-tmp/MPDD/metal_plate/test/scratches/030.png": 0.32681846618652344, "/root/autodl-tmp/MPDD/metal_plate/test/scratches/031.png": 0.32129448652267456, "/root/autodl-tmp/MPDD/metal_plate/test/scratches/032.png": 0.31543904542922974, "/root/autodl-tmp/MPDD/metal_plate/test/scratches/033.png": 0.3200497627258301, "/root/autodl-tmp/MPDD/metal_plate/test/total_rust/000.png": 0.3096455931663513, "/root/autodl-tmp/MPDD/metal_plate/test/total_rust/001.png": 0.2885773777961731, "/root/autodl-tmp/MPDD/metal_plate/test/total_rust/002.png": 0.31380143761634827, "/root/autodl-tmp/MPDD/metal_plate/test/total_rust/003.png": 0.32376542687416077, "/root/autodl-tmp/MPDD/metal_plate/test/total_rust/004.png": 0.325819730758667, "/root/autodl-tmp/MPDD/metal_plate/test/total_rust/005.png": 0.3462401330471039, "/root/autodl-tmp/MPDD/metal_plate/test/total_rust/006.png": 0.35440829396247864, "/root/autodl-tmp/MPDD/metal_plate/test/total_rust/007.png": 0.33422067761421204, "/root/autodl-tmp/MPDD/metal_plate/test/total_rust/008.png": 0.30598539113998413, "/root/autodl-tmp/MPDD/metal_plate/test/total_rust/009.png": 0.3023504614830017, "/root/autodl-tmp/MPDD/metal_plate/test/total_rust/010.png": 0.31295356154441833, "/root/autodl-tmp/MPDD/metal_plate/test/total_rust/011.png": 0.3128487765789032, "/root/autodl-tmp/MPDD/metal_plate/test/total_rust/012.png": 0.3168821930885315, "/root/autodl-tmp/MPDD/metal_plate/test/total_rust/013.png": 0.3007251024246216, "/root/autodl-tmp/MPDD/metal_plate/test/total_rust/014.png": 0.3082331418991089, "/root/autodl-tmp/MPDD/metal_plate/test/total_rust/015.png": 0.2479880303144455, "/root/autodl-tmp/MPDD/metal_plate/test/total_rust/016.png": 0.2849709689617157, "/root/autodl-tmp/MPDD/metal_plate/test/total_rust/017.png": 0.25527068972587585, "/root/autodl-tmp/MPDD/metal_plate/test/total_rust/018.png": 0.3040628433227539, "/root/autodl-tmp/MPDD/metal_plate/test/total_rust/019.png": 0.3293728530406952, "/root/autodl-tmp/MPDD/metal_plate/test/total_rust/020.png": 0.3299846053123474, "/root/autodl-tmp/MPDD/metal_plate/test/total_rust/021.png": 0.2932593524456024, "/root/autodl-tmp/MPDD/metal_plate/test/total_rust/022.png": 0.3255141079425812}