{"/root/autodl-tmp/MPDD/metal_plate/test/good/000.png": 0.1310771405696869, "/root/autodl-tmp/MPDD/metal_plate/test/good/001.png": 0.14336878061294556, "/root/autodl-tmp/MPDD/metal_plate/test/good/002.png": 0.152130588889122, "/root/autodl-tmp/MPDD/metal_plate/test/good/003.png": 0.12543483078479767, "/root/autodl-tmp/MPDD/metal_plate/test/good/004.png": 0.09166887402534485, "/root/autodl-tmp/MPDD/metal_plate/test/good/005.png": 0.1036350280046463, "/root/autodl-tmp/MPDD/metal_plate/test/good/006.png": 0.08751840144395828, "/root/autodl-tmp/MPDD/metal_plate/test/good/007.png": 0.08372323215007782, "/root/autodl-tmp/MPDD/metal_plate/test/good/008.png": 0.0846031978726387, "/root/autodl-tmp/MPDD/metal_plate/test/good/009.png": 0.10725396126508713, "/root/autodl-tmp/MPDD/metal_plate/test/good/010.png": 0.09739194065332413, "/root/autodl-tmp/MPDD/metal_plate/test/good/011.png": 0.10336775332689285, "/root/autodl-tmp/MPDD/metal_plate/test/good/012.png": 0.09714134782552719, "/root/autodl-tmp/MPDD/metal_plate/test/good/013.png": 0.09276334196329117, "/root/autodl-tmp/MPDD/metal_plate/test/good/014.png": 0.08490162342786789, "/root/autodl-tmp/MPDD/metal_plate/test/good/015.png": 0.10264822840690613, "/root/autodl-tmp/MPDD/metal_plate/test/good/016.png": 0.11535260081291199, "/root/autodl-tmp/MPDD/metal_plate/test/good/017.png": 0.09763757884502411, "/root/autodl-tmp/MPDD/metal_plate/test/good/018.png": 0.105952687561512, "/root/autodl-tmp/MPDD/metal_plate/test/good/019.png": 0.11067938059568405, "/root/autodl-tmp/MPDD/metal_plate/test/good/020.png": 0.10814205557107925, "/root/autodl-tmp/MPDD/metal_plate/test/good/021.png": 0.10131575912237167, "/root/autodl-tmp/MPDD/metal_plate/test/good/022.png": 0.10369940847158432, "/root/autodl-tmp/MPDD/metal_plate/test/good/023.png": 0.10433883965015411, "/root/autodl-tmp/MPDD/metal_plate/test/good/024.png": 0.08878989517688751, "/root/autodl-tmp/MPDD/metal_plate/test/good/025.png": 0.0957835242152214, "/root/autodl-tmp/MPDD/metal_plate/test/major_rust/000.png": 0.3096836507320404, "/root/autodl-tmp/MPDD/metal_plate/test/major_rust/001.png": 0.302347332239151, "/root/autodl-tmp/MPDD/metal_plate/test/major_rust/002.png": 0.30904096364974976, "/root/autodl-tmp/MPDD/metal_plate/test/major_rust/003.png": 0.32438021898269653, "/root/autodl-tmp/MPDD/metal_plate/test/major_rust/004.png": 0.2956923544406891, "/root/autodl-tmp/MPDD/metal_plate/test/major_rust/005.png": 0.29444634914398193, "/root/autodl-tmp/MPDD/metal_plate/test/major_rust/006.png": 0.3142368197441101, "/root/autodl-tmp/MPDD/metal_plate/test/major_rust/007.png": 0.3070436418056488, "/root/autodl-tmp/MPDD/metal_plate/test/major_rust/008.png": 0.3110388517379761, "/root/autodl-tmp/MPDD/metal_plate/test/major_rust/009.png": 0.3003479540348053, "/root/autodl-tmp/MPDD/metal_plate/test/major_rust/010.png": 0.2931652367115021, "/root/autodl-tmp/MPDD/metal_plate/test/major_rust/011.png": 0.30665168166160583, "/root/autodl-tmp/MPDD/metal_plate/test/major_rust/012.png": 0.3267527222633362, "/root/autodl-tmp/MPDD/metal_plate/test/major_rust/013.png": 0.31009557843208313, "/root/autodl-tmp/MPDD/metal_plate/test/scratches/000.png": 0.2971124053001404, "/root/autodl-tmp/MPDD/metal_plate/test/scratches/001.png": 0.29940468072891235, "/root/autodl-tmp/MPDD/metal_plate/test/scratches/002.png": 0.32482096552848816, "/root/autodl-tmp/MPDD/metal_plate/test/scratches/003.png": 0.34006747603416443, "/root/autodl-tmp/MPDD/metal_plate/test/scratches/004.png": 0.3900511562824249, "/root/autodl-tmp/MPDD/metal_plate/test/scratches/005.png": 0.3730289936065674, "/root/autodl-tmp/MPDD/metal_plate/test/scratches/006.png": 0.34603819251060486, "/root/autodl-tmp/MPDD/metal_plate/test/scratches/007.png": 0.3526647090911865, "/root/autodl-tmp/MPDD/metal_plate/test/scratches/008.png": 0.3664204478263855, "/root/autodl-tmp/MPDD/metal_plate/test/scratches/009.png": 0.39801231026649475, "/root/autodl-tmp/MPDD/metal_plate/test/scratches/010.png": 0.3689415752887726, "/root/autodl-tmp/MPDD/metal_plate/test/scratches/011.png": 0.392215371131897, "/root/autodl-tmp/MPDD/metal_plate/test/scratches/012.png": 0.3810403048992157, "/root/autodl-tmp/MPDD/metal_plate/test/scratches/013.png": 0.3830595910549164, "/root/autodl-tmp/MPDD/metal_plate/test/scratches/014.png": 0.29296231269836426, "/root/autodl-tmp/MPDD/metal_plate/test/scratches/015.png": 0.28542521595954895, "/root/autodl-tmp/MPDD/metal_plate/test/scratches/016.png": 0.32201677560806274, "/root/autodl-tmp/MPDD/metal_plate/test/scratches/017.png": 0.29041174054145813, "/root/autodl-tmp/MPDD/metal_plate/test/scratches/018.png": 0.3149033784866333, "/root/autodl-tmp/MPDD/metal_plate/test/scratches/019.png": 0.3176674544811249, "/root/autodl-tmp/MPDD/metal_plate/test/scratches/020.png": 0.2811013162136078, "/root/autodl-tmp/MPDD/metal_plate/test/scratches/021.png": 0.358862966299057, "/root/autodl-tmp/MPDD/metal_plate/test/scratches/022.png": 0.36713606119155884, "/root/autodl-tmp/MPDD/metal_plate/test/scratches/023.png": 0.3726072907447815, "/root/autodl-tmp/MPDD/metal_plate/test/scratches/024.png": 0.35259735584259033, "/root/autodl-tmp/MPDD/metal_plate/test/scratches/025.png": 0.32114070653915405, "/root/autodl-tmp/MPDD/metal_plate/test/scratches/026.png": 0.3046591281890869, "/root/autodl-tmp/MPDD/metal_plate/test/scratches/027.png": 0.2926154136657715, "/root/autodl-tmp/MPDD/metal_plate/test/scratches/028.png": 0.3117753267288208, "/root/autodl-tmp/MPDD/metal_plate/test/scratches/029.png": 0.2911754846572876, "/root/autodl-tmp/MPDD/metal_plate/test/scratches/030.png": 0.3125879168510437, "/root/autodl-tmp/MPDD/metal_plate/test/scratches/031.png": 0.3071468770503998, "/root/autodl-tmp/MPDD/metal_plate/test/scratches/032.png": 0.3039999306201935, "/root/autodl-tmp/MPDD/metal_plate/test/scratches/033.png": 0.31367164850234985, "/root/autodl-tmp/MPDD/metal_plate/test/total_rust/000.png": 0.30899032950401306, "/root/autodl-tmp/MPDD/metal_plate/test/total_rust/001.png": 0.2941059470176697, "/root/autodl-tmp/MPDD/metal_plate/test/total_rust/002.png": 0.32004696130752563, "/root/autodl-tmp/MPDD/metal_plate/test/total_rust/003.png": 0.3279144763946533, "/root/autodl-tmp/MPDD/metal_plate/test/total_rust/004.png": 0.32876646518707275, "/root/autodl-tmp/MPDD/metal_plate/test/total_rust/005.png": 0.3391359746456146, "/root/autodl-tmp/MPDD/metal_plate/test/total_rust/006.png": 0.3388349115848541, "/root/autodl-tmp/MPDD/metal_plate/test/total_rust/007.png": 0.3339357376098633, "/root/autodl-tmp/MPDD/metal_plate/test/total_rust/008.png": 0.30088290572166443, "/root/autodl-tmp/MPDD/metal_plate/test/total_rust/009.png": 0.30091896653175354, "/root/autodl-tmp/MPDD/metal_plate/test/total_rust/010.png": 0.30277132987976074, "/root/autodl-tmp/MPDD/metal_plate/test/total_rust/011.png": 0.304720401763916, "/root/autodl-tmp/MPDD/metal_plate/test/total_rust/012.png": 0.3073977530002594, "/root/autodl-tmp/MPDD/metal_plate/test/total_rust/013.png": 0.29815050959587097, "/root/autodl-tmp/MPDD/metal_plate/test/total_rust/014.png": 0.30340296030044556, "/root/autodl-tmp/MPDD/metal_plate/test/total_rust/015.png": 0.24822163581848145, "/root/autodl-tmp/MPDD/metal_plate/test/total_rust/016.png": 0.285177081823349, "/root/autodl-tmp/MPDD/metal_plate/test/total_rust/017.png": 0.25202539563179016, "/root/autodl-tmp/MPDD/metal_plate/test/total_rust/018.png": 0.30691200494766235, "/root/autodl-tmp/MPDD/metal_plate/test/total_rust/019.png": 0.32622307538986206, "/root/autodl-tmp/MPDD/metal_plate/test/total_rust/020.png": 0.3221118152141571, "/root/autodl-tmp/MPDD/metal_plate/test/total_rust/021.png": 0.29389357566833496, "/root/autodl-tmp/MPDD/metal_plate/test/total_rust/022.png": 0.3250643312931061}