{"/root/autodl-tmp/MPDD/bracket_black/test/good/000.png": 0.09546351432800293, "/root/autodl-tmp/MPDD/bracket_black/test/good/001.png": 0.06033250689506531, "/root/autodl-tmp/MPDD/bracket_black/test/good/002.png": 0.06926611065864563, "/root/autodl-tmp/MPDD/bracket_black/test/good/003.png": 0.0755029022693634, "/root/autodl-tmp/MPDD/bracket_black/test/good/004.png": 0.06686573475599289, "/root/autodl-tmp/MPDD/bracket_black/test/good/005.png": 0.07843608409166336, "/root/autodl-tmp/MPDD/bracket_black/test/good/006.png": 0.050464123487472534, "/root/autodl-tmp/MPDD/bracket_black/test/good/007.png": 0.049800459295511246, "/root/autodl-tmp/MPDD/bracket_black/test/good/008.png": 0.06717625260353088, "/root/autodl-tmp/MPDD/bracket_black/test/good/009.png": 0.08259090036153793, "/root/autodl-tmp/MPDD/bracket_black/test/good/010.png": 0.06704393774271011, "/root/autodl-tmp/MPDD/bracket_black/test/good/011.png": 0.08617940545082092, "/root/autodl-tmp/MPDD/bracket_black/test/good/012.png": 0.06794090569019318, "/root/autodl-tmp/MPDD/bracket_black/test/good/013.png": 0.06653076410293579, "/root/autodl-tmp/MPDD/bracket_black/test/good/014.png": 0.07996673882007599, "/root/autodl-tmp/MPDD/bracket_black/test/good/015.png": 0.09308984130620956, "/root/autodl-tmp/MPDD/bracket_black/test/good/016.png": 0.06704376637935638, "/root/autodl-tmp/MPDD/bracket_black/test/good/017.png": 0.06844912469387054, "/root/autodl-tmp/MPDD/bracket_black/test/good/018.png": 0.08465766161680222, "/root/autodl-tmp/MPDD/bracket_black/test/good/019.png": 0.059829771518707275, "/root/autodl-tmp/MPDD/bracket_black/test/good/020.png": 0.07575645297765732, "/root/autodl-tmp/MPDD/bracket_black/test/good/021.png": 0.055985115468502045, "/root/autodl-tmp/MPDD/bracket_black/test/good/022.png": 0.07036875933408737, "/root/autodl-tmp/MPDD/bracket_black/test/good/023.png": 0.06946968287229538, "/root/autodl-tmp/MPDD/bracket_black/test/good/024.png": 0.06710869073867798, "/root/autodl-tmp/MPDD/bracket_black/test/good/025.png": 0.07531637698411942, "/root/autodl-tmp/MPDD/bracket_black/test/good/026.png": 0.08589600771665573, "/root/autodl-tmp/MPDD/bracket_black/test/good/027.png": 0.08572854846715927, "/root/autodl-tmp/MPDD/bracket_black/test/good/028.png": 0.05184733867645264, "/root/autodl-tmp/MPDD/bracket_black/test/good/029.png": 0.07667404413223267, "/root/autodl-tmp/MPDD/bracket_black/test/good/030.png": 0.06293461471796036, "/root/autodl-tmp/MPDD/bracket_black/test/good/031.png": 0.07247431576251984, "/root/autodl-tmp/MPDD/bracket_black/test/hole/000.png": 0.12939193844795227, "/root/autodl-tmp/MPDD/bracket_black/test/hole/001.png": 0.1302241086959839, "/root/autodl-tmp/MPDD/bracket_black/test/hole/002.png": 0.12198194861412048, "/root/autodl-tmp/MPDD/bracket_black/test/hole/003.png": 0.09687884151935577, "/root/autodl-tmp/MPDD/bracket_black/test/hole/004.png": 0.08301230520009995, "/root/autodl-tmp/MPDD/bracket_black/test/hole/005.png": 0.1219324916601181, "/root/autodl-tmp/MPDD/bracket_black/test/hole/006.png": 0.13277338445186615, "/root/autodl-tmp/MPDD/bracket_black/test/hole/007.png": 0.14281322062015533, "/root/autodl-tmp/MPDD/bracket_black/test/hole/008.png": 0.14456187188625336, "/root/autodl-tmp/MPDD/bracket_black/test/hole/009.png": 0.13488121330738068, "/root/autodl-tmp/MPDD/bracket_black/test/hole/010.png": 0.13258503377437592, "/root/autodl-tmp/MPDD/bracket_black/test/hole/011.png": 0.1398228108882904, "/root/autodl-tmp/MPDD/bracket_black/test/scratches/000.png": 0.11627370864152908, "/root/autodl-tmp/MPDD/bracket_black/test/scratches/001.png": 0.16380931437015533, "/root/autodl-tmp/MPDD/bracket_black/test/scratches/002.png": 0.18332989513874054, "/root/autodl-tmp/MPDD/bracket_black/test/scratches/003.png": 0.22397291660308838, "/root/autodl-tmp/MPDD/bracket_black/test/scratches/004.png": 0.17450903356075287, "/root/autodl-tmp/MPDD/bracket_black/test/scratches/005.png": 0.13520538806915283, "/root/autodl-tmp/MPDD/bracket_black/test/scratches/006.png": 0.1554783433675766, "/root/autodl-tmp/MPDD/bracket_black/test/scratches/007.png": 0.12437298893928528, "/root/autodl-tmp/MPDD/bracket_black/test/scratches/008.png": 0.1355477124452591, "/root/autodl-tmp/MPDD/bracket_black/test/scratches/009.png": 0.12132775783538818, "/root/autodl-tmp/MPDD/bracket_black/test/scratches/010.png": 0.11974981427192688, "/root/autodl-tmp/MPDD/bracket_black/test/scratches/011.png": 0.13442781567573547, "/root/autodl-tmp/MPDD/bracket_black/test/scratches/012.png": 0.11928556859493256, "/root/autodl-tmp/MPDD/bracket_black/test/scratches/013.png": 0.11252229660749435, "/root/autodl-tmp/MPDD/bracket_black/test/scratches/014.png": 0.09366684406995773, "/root/autodl-tmp/MPDD/bracket_black/test/scratches/015.png": 0.09995914250612259, "/root/autodl-tmp/MPDD/bracket_black/test/scratches/016.png": 0.13440732657909393, "/root/autodl-tmp/MPDD/bracket_black/test/scratches/017.png": 0.13477261364459991, "/root/autodl-tmp/MPDD/bracket_black/test/scratches/018.png": 0.13935966789722443, "/root/autodl-tmp/MPDD/bracket_black/test/scratches/019.png": 0.12772873044013977, "/root/autodl-tmp/MPDD/bracket_black/test/scratches/020.png": 0.12907202541828156, "/root/autodl-tmp/MPDD/bracket_black/test/scratches/021.png": 0.10755697637796402, "/root/autodl-tmp/MPDD/bracket_black/test/scratches/022.png": 0.09460948407649994, "/root/autodl-tmp/MPDD/bracket_black/test/scratches/023.png": 0.09007498621940613, "/root/autodl-tmp/MPDD/bracket_black/test/scratches/024.png": 0.09279362857341766, "/root/autodl-tmp/MPDD/bracket_black/test/scratches/025.png": 0.08039330691099167, "/root/autodl-tmp/MPDD/bracket_black/test/scratches/026.png": 0.0745091661810875, "/root/autodl-tmp/MPDD/bracket_black/test/scratches/027.png": 0.07128802686929703, "/root/autodl-tmp/MPDD/bracket_black/test/scratches/028.png": 0.07110053300857544, "/root/autodl-tmp/MPDD/bracket_black/test/scratches/029.png": 0.06788066774606705, "/root/autodl-tmp/MPDD/bracket_black/test/scratches/030.png": 0.08119255304336548, "/root/autodl-tmp/MPDD/bracket_black/test/scratches/031.png": 0.09466228634119034, "/root/autodl-tmp/MPDD/bracket_black/test/scratches/032.png": 0.08958391100168228, "/root/autodl-tmp/MPDD/bracket_black/test/scratches/033.png": 0.07829971611499786, "/root/autodl-tmp/MPDD/bracket_black/test/scratches/034.png": 0.07938442379236221}