{
  "patchcore": {
    "per_seed_per_category_auroc": {
      "0": {
        "candle": 0.9713,
        "capsules": 0.7516666666666667,
        "cashew": 0.9586,
        "chewinggum": 0.9914,
        "fryum": 0.9534,
        "macaroni1": 0.812,
        "macaroni2": 0.665,
        "pcb1": 0.9337,
        "pcb2": 0.9245,
        "pcb3": 0.9226732673267327,
        "pcb4": 0.9858415841584158,
        "pipe_fryum": 0.9942
      },
      "1": {
        "candle": 0.9701,
        "capsules": 0.7483333333333333,
        "cashew": 0.9618,
        "chewinggum": 0.9924,
        "fryum": 0.9502,
        "macaroni1": 0.8115,
        "macaroni2": 0.6573,
        "pcb1": 0.9312,
        "pcb2": 0.9298,
        "pcb3": 0.9277227722772278,
        "pcb4": 0.9876237623762376,
        "pipe_fryum": 0.995
      },
      "2": {
        "candle": 0.9737,
        "capsules": 0.7453333333333333,
        "cashew": 0.9584,
        "chewinggum": 0.9924,
        "fryum": 0.9542,
        "macaroni1": 0.8135,
        "macaroni2": 0.656,
        "pcb1": 0.9337,
        "pcb2": 0.9237,
        "pcb3": 0.9288118811881189,
        "pcb4": 0.9859405940594059,
        "pipe_fryum": 0.9936
      },
      "3": {
        "candle": 0.9704,
        "capsules": 0.723,
        "cashew": 0.9626,
        "chewinggum": 0.9918,
        "fryum": 0.961,
        "macaroni1": 0.8059,
        "macaroni2": 0.6581,
        "pcb1": 0.9331,
        "pcb2": 0.9217,
        "pcb3": 0.9327722772277228,
        "pcb4": 0.9853465346534653,
        "pipe_fryum": 0.9938
      },
      "4": {
        "candle": 0.9751,
        "capsules": 0.7695,
        "cashew": 0.965,
        "chewinggum": 0.993,
        "fryum": 0.9538,
        "macaroni1": 0.812,
        "macaroni2": 0.6575,
        "pcb1": 0.9354,
        "pcb2": 0.9259,
        "pcb3": 0.9306930693069307,
        "pcb4": 0.987029702970297,
        "pipe_fryum": 0.9948
      }
    },
    "pairwise_seed0_diff": {
      "candle_seed0_vs_seed1": {
        "same_image_ids": true,
        "bit_identical_scores": false,
        "max_abs_score_diff": 0.07332026958465576
      },
      "candle_seed0_vs_seed2": {
        "same_image_ids": true,
        "bit_identical_scores": false,
        "max_abs_score_diff": 0.09336507320404053
      },
      "candle_seed0_vs_seed3": {
        "same_image_ids": true,
        "bit_identical_scores": false,
        "max_abs_score_diff": 0.09594744443893433
      },
      "candle_seed0_vs_seed4": {
        "same_image_ids": true,
        "bit_identical_scores": false,
        "max_abs_score_diff": 0.09264552593231201
      },
      "capsules_seed0_vs_seed1": {
        "same_image_ids": true,
        "bit_identical_scores": false,
        "max_abs_score_diff": 0.13446277379989624
      },
      "capsules_seed0_vs_seed2": {
        "same_image_ids": true,
        "bit_identical_scores": false,
        "max_abs_score_diff": 0.15228933095932007
      },
      "capsules_seed0_vs_seed3": {
        "same_image_ids": true,
        "bit_identical_scores": false,
        "max_abs_score_diff": 0.12039422988891602
      },
      "capsules_seed0_vs_seed4": {
        "same_image_ids": true,
        "bit_identical_scores": false,
        "max_abs_score_diff": 0.14561259746551514
      },
      "cashew_seed0_vs_seed1": {
        "same_image_ids": true,
        "bit_identical_scores": false,
        "max_abs_score_diff": 0.05070233345031738
      },
      "cashew_seed0_vs_seed2": {
        "same_image_ids": true,
        "bit_identical_scores": false,
        "max_abs_score_diff": 0.06409519910812378
      },
      "cashew_seed0_vs_seed3": {
        "same_image_ids": true,
        "bit_identical_scores": false,
        "max_abs_score_diff": 0.06184673309326172
      },
      "cashew_seed0_vs_seed4": {
        "same_image_ids": true,
        "bit_identical_scores": false,
        "max_abs_score_diff": 0.04970961809158325
      },
      "chewinggum_seed0_vs_seed1": {
        "same_image_ids": true,
        "bit_identical_scores": false,
        "max_abs_score_diff": 0.0546535849571228
      },
      "chewinggum_seed0_vs_seed2": {
        "same_image_ids": true,
        "bit_identical_scores": false,
        "max_abs_score_diff": 0.09398013353347778
      },
      "chewinggum_seed0_vs_seed3": {
        "same_image_ids": true,
        "bit_identical_scores": false,
        "max_abs_score_diff": 0.07159256935119629
      },
      "chewinggum_seed0_vs_seed4": {
        "same_image_ids": true,
        "bit_identical_scores": false,
        "max_abs_score_diff": 0.17224323749542236
      },
      "fryum_seed0_vs_seed1": {
        "same_image_ids": true,
        "bit_identical_scores": false,
        "max_abs_score_diff": 0.09846034646034241
      },
      "fryum_seed0_vs_seed2": {
        "same_image_ids": true,
        "bit_identical_scores": false,
        "max_abs_score_diff": 0.10403507947921753
      },
      "fryum_seed0_vs_seed3": {
        "same_image_ids": true,
        "bit_identical_scores": false,
        "max_abs_score_diff": 0.12217152118682861
      },
      "fryum_seed0_vs_seed4": {
        "same_image_ids": true,
        "bit_identical_scores": false,
        "max_abs_score_diff": 0.09898090362548828
      },
      "macaroni1_seed0_vs_seed1": {
        "same_image_ids": true,
        "bit_identical_scores": false,
        "max_abs_score_diff": 0.13467425107955933
      },
      "macaroni1_seed0_vs_seed2": {
        "same_image_ids": true,
        "bit_identical_scores": false,
        "max_abs_score_diff": 0.12154412269592285
      },
      "macaroni1_seed0_vs_seed3": {
        "same_image_ids": true,
        "bit_identical_scores": false,
        "max_abs_score_diff": 0.1300690770149231
      },
      "macaroni1_seed0_vs_seed4": {
        "same_image_ids": true,
        "bit_identical_scores": false,
        "max_abs_score_diff": 0.09500941634178162
      },
      "macaroni2_seed0_vs_seed1": {
        "same_image_ids": true,
        "bit_identical_scores": false,
        "max_abs_score_diff": 0.21742576360702515
      },
      "macaroni2_seed0_vs_seed2": {
        "same_image_ids": true,
        "bit_identical_scores": false,
        "max_abs_score_diff": 0.1818556785583496
      },
      "macaroni2_seed0_vs_seed3": {
        "same_image_ids": true,
        "bit_identical_scores": false,
        "max_abs_score_diff": 0.20796668529510498
      },
      "macaroni2_seed0_vs_seed4": {
        "same_image_ids": true,
        "bit_identical_scores": false,
        "max_abs_score_diff": 0.2564805746078491
      },
      "pcb1_seed0_vs_seed1": {
        "same_image_ids": true,
        "bit_identical_scores": false,
        "max_abs_score_diff": 0.09004658460617065
      },
      "pcb1_seed0_vs_seed2": {
        "same_image_ids": true,
        "bit_identical_scores": false,
        "max_abs_score_diff": 0.1196470558643341
      },
      "pcb1_seed0_vs_seed3": {
        "same_image_ids": true,
        "bit_identical_scores": false,
        "max_abs_score_diff": 0.11098989844322205
      },
      "pcb1_seed0_vs_seed4": {
        "same_image_ids": true,
        "bit_identical_scores": false,
        "max_abs_score_diff": 0.09230336546897888
      },
      "pcb2_seed0_vs_seed1": {
        "same_image_ids": true,
        "bit_identical_scores": false,
        "max_abs_score_diff": 0.08839032053947449
      },
      "pcb2_seed0_vs_seed2": {
        "same_image_ids": true,
        "bit_identical_scores": false,
        "max_abs_score_diff": 0.07992985844612122
      },
      "pcb2_seed0_vs_seed3": {
        "same_image_ids": true,
        "bit_identical_scores": false,
        "max_abs_score_diff": 0.04995614290237427
      },
      "pcb2_seed0_vs_seed4": {
        "same_image_ids": true,
        "bit_identical_scores": false,
        "max_abs_score_diff": 0.07753711938858032
      },
      "pcb3_seed0_vs_seed1": {
        "same_image_ids": true,
        "bit_identical_scores": false,
        "max_abs_score_diff": 0.053049296140670776
      },