{"/root/autodl-tmp/MPDD/bracket_black/test/good/000.png": 0.08990071713924408, "/root/autodl-tmp/MPDD/bracket_black/test/good/001.png": 0.06153833121061325, "/root/autodl-tmp/MPDD/bracket_black/test/good/002.png": 0.07118383795022964, "/root/autodl-tmp/MPDD/bracket_black/test/good/003.png": 0.0751134380698204, "/root/autodl-tmp/MPDD/bracket_black/test/good/004.png": 0.06651007384061813, "/root/autodl-tmp/MPDD/bracket_black/test/good/005.png": 0.078610360622406, "/root/autodl-tmp/MPDD/bracket_black/test/good/006.png": 0.05142585188150406, "/root/autodl-tmp/MPDD/bracket_black/test/good/007.png": 0.048187948763370514, "/root/autodl-tmp/MPDD/bracket_black/test/good/008.png": 0.06965312361717224, "/root/autodl-tmp/MPDD/bracket_black/test/good/009.png": 0.08540072292089462, "/root/autodl-tmp/MPDD/bracket_black/test/good/010.png": 0.06829705089330673, "/root/autodl-tmp/MPDD/bracket_black/test/good/011.png": 0.08446888625621796, "/root/autodl-tmp/MPDD/bracket_black/test/good/012.png": 0.067389115691185, "/root/autodl-tmp/MPDD/bracket_black/test/good/013.png": 0.06720644980669022, "/root/autodl-tmp/MPDD/bracket_black/test/good/014.png": 0.08263172209262848, "/root/autodl-tmp/MPDD/bracket_black/test/good/015.png": 0.09063204377889633, "/root/autodl-tmp/MPDD/bracket_black/test/good/016.png": 0.0678677037358284, "/root/autodl-tmp/MPDD/bracket_black/test/good/017.png": 0.07069400697946548, "/root/autodl-tmp/MPDD/bracket_black/test/good/018.png": 0.08149047195911407, "/root/autodl-tmp/MPDD/bracket_black/test/good/019.png": 0.06001483276486397, "/root/autodl-tmp/MPDD/bracket_black/test/good/020.png": 0.07516376674175262, "/root/autodl-tmp/MPDD/bracket_black/test/good/021.png": 0.05567152798175812, "/root/autodl-tmp/MPDD/bracket_black/test/good/022.png": 0.06816809624433517, "/root/autodl-tmp/MPDD/bracket_black/test/good/023.png": 0.07067951560020447, "/root/autodl-tmp/MPDD/bracket_black/test/good/024.png": 0.07027741521596909, "/root/autodl-tmp/MPDD/bracket_black/test/good/025.png": 0.07350105047225952, "/root/autodl-tmp/MPDD/bracket_black/test/good/026.png": 0.08325333148241043, "/root/autodl-tmp/MPDD/bracket_black/test/good/027.png": 0.08772620558738708, "/root/autodl-tmp/MPDD/bracket_black/test/good/028.png": 0.05201692506670952, "/root/autodl-tmp/MPDD/bracket_black/test/good/029.png": 0.07722008228302002, "/root/autodl-tmp/MPDD/bracket_black/test/good/030.png": 0.06089632585644722, "/root/autodl-tmp/MPDD/bracket_black/test/good/031.png": 0.07472633570432663, "/root/autodl-tmp/MPDD/bracket_black/test/hole/000.png": 0.12875208258628845, "/root/autodl-tmp/MPDD/bracket_black/test/hole/001.png": 0.1319039911031723, "/root/autodl-tmp/MPDD/bracket_black/test/hole/002.png": 0.12052025645971298, "/root/autodl-tmp/MPDD/bracket_black/test/hole/003.png": 0.09728146344423294, "/root/autodl-tmp/MPDD/bracket_black/test/hole/004.png": 0.08632002025842667, "/root/autodl-tmp/MPDD/bracket_black/test/hole/005.png": 0.1208551749587059, "/root/autodl-tmp/MPDD/bracket_black/test/hole/006.png": 0.13820843398571014, "/root/autodl-tmp/MPDD/bracket_black/test/hole/007.png": 0.14287619292736053, "/root/autodl-tmp/MPDD/bracket_black/test/hole/008.png": 0.13908949494361877, "/root/autodl-tmp/MPDD/bracket_black/test/hole/009.png": 0.13461118936538696, "/root/autodl-tmp/MPDD/bracket_black/test/hole/010.png": 0.13356563448905945, "/root/autodl-tmp/MPDD/bracket_black/test/hole/011.png": 0.14705206453800201, "/root/autodl-tmp/MPDD/bracket_black/test/scratches/000.png": 0.11289326101541519, "/root/autodl-tmp/MPDD/bracket_black/test/scratches/001.png": 0.15771335363388062, "/root/autodl-tmp/MPDD/bracket_black/test/scratches/002.png": 0.1736580729484558, "/root/autodl-tmp/MPDD/bracket_black/test/scratches/003.png": 0.21505583822727203, "/root/autodl-tmp/MPDD/bracket_black/test/scratches/004.png": 0.17498356103897095, "/root/autodl-tmp/MPDD/bracket_black/test/scratches/005.png": 0.14821204543113708, "/root/autodl-tmp/MPDD/bracket_black/test/scratches/006.png": 0.16989408433437347, "/root/autodl-tmp/MPDD/bracket_black/test/scratches/007.png": 0.13270078599452972, "/root/autodl-tmp/MPDD/bracket_black/test/scratches/008.png": 0.13731318712234497, "/root/autodl-tmp/MPDD/bracket_black/test/scratches/009.png": 0.12475933134555817, "/root/autodl-tmp/MPDD/bracket_black/test/scratches/010.png": 0.12127286195755005, "/root/autodl-tmp/MPDD/bracket_black/test/scratches/011.png": 0.1350541114807129, "/root/autodl-tmp/MPDD/bracket_black/test/scratches/012.png": 0.11749488860368729, "/root/autodl-tmp/MPDD/bracket_black/test/scratches/013.png": 0.10778860002756119, "/root/autodl-tmp/MPDD/bracket_black/test/scratches/014.png": 0.09428858011960983, "/root/autodl-tmp/MPDD/bracket_black/test/scratches/015.png": 0.09681214392185211, "/root/autodl-tmp/MPDD/bracket_black/test/scratches/016.png": 0.1291353404521942, "/root/autodl-tmp/MPDD/bracket_black/test/scratches/017.png": 0.12609528005123138, "/root/autodl-tmp/MPDD/bracket_black/test/scratches/018.png": 0.1377836912870407, "/root/autodl-tmp/MPDD/bracket_black/test/scratches/019.png": 0.13037878274917603, "/root/autodl-tmp/MPDD/bracket_black/test/scratches/020.png": 0.12740199267864227, "/root/autodl-tmp/MPDD/bracket_black/test/scratches/021.png": 0.10775881260633469, "/root/autodl-tmp/MPDD/bracket_black/test/scratches/022.png": 0.09477028995752335, "/root/autodl-tmp/MPDD/bracket_black/test/scratches/023.png": 0.09130603075027466, "/root/autodl-tmp/MPDD/bracket_black/test/scratches/024.png": 0.08949046581983566, "/root/autodl-tmp/MPDD/bracket_black/test/scratches/025.png": 0.07924748957157135, "/root/autodl-tmp/MPDD/bracket_black/test/scratches/026.png": 0.07292218506336212, "/root/autodl-tmp/MPDD/bracket_black/test/scratches/027.png": 0.07168465852737427, "/root/autodl-tmp/MPDD/bracket_black/test/scratches/028.png": 0.07229107618331909, "/root/autodl-tmp/MPDD/bracket_black/test/scratches/029.png": 0.06928213685750961, "/root/autodl-tmp/MPDD/bracket_black/test/scratches/030.png": 0.08420246839523315, "/root/autodl-tmp/MPDD/bracket_black/test/scratches/031.png": 0.09682866185903549, "/root/autodl-tmp/MPDD/bracket_black/test/scratches/032.png": 0.09174255281686783, "/root/autodl-tmp/MPDD/bracket_black/test/scratches/033.png": 0.08164341747760773, "/root/autodl-tmp/MPDD/bracket_black/test/scratches/034.png": 0.08509106934070587}