{"/root/autodl-tmp/MPDD/tubes/test/anomalous/000.png": 0.21772390604019165, "/root/autodl-tmp/MPDD/tubes/test/anomalous/001.png": 0.21770545840263367, "/root/autodl-tmp/MPDD/tubes/test/anomalous/002.png": 0.22117482125759125, "/root/autodl-tmp/MPDD/tubes/test/anomalous/003.png": 0.2221558392047882, "/root/autodl-tmp/MPDD/tubes/test/anomalous/004.png": 0.22245854139328003, "/root/autodl-tmp/MPDD/tubes/test/anomalous/005.png": 0.20477443933486938, "/root/autodl-tmp/MPDD/tubes/test/anomalous/006.png": 0.20185992121696472, "/root/autodl-tmp/MPDD/tubes/test/anomalous/007.png": 0.1820826381444931, "/root/autodl-tmp/MPDD/tubes/test/anomalous/008.png": 0.17610885202884674, "/root/autodl-tmp/MPDD/tubes/test/anomalous/009.png": 0.1942943036556244, "/root/autodl-tmp/MPDD/tubes/test/anomalous/010.png": 0.19577348232269287, "/root/autodl-tmp/MPDD/tubes/test/anomalous/011.png": 0.20047013461589813, "/root/autodl-tmp/MPDD/tubes/test/anomalous/012.png": 0.21469327807426453, "/root/autodl-tmp/MPDD/tubes/test/anomalous/013.png": 0.12207570672035217, "/root/autodl-tmp/MPDD/tubes/test/anomalous/014.png": 0.10799664258956909, "/root/autodl-tmp/MPDD/tubes/test/anomalous/015.png": 0.11433958262205124, "/root/autodl-tmp/MPDD/tubes/test/anomalous/016.png": 0.10784310847520828, "/root/autodl-tmp/MPDD/tubes/test/anomalous/017.png": 0.10568436235189438, "/root/autodl-tmp/MPDD/tubes/test/anomalous/018.png": 0.10441838949918747, "/root/autodl-tmp/MPDD/tubes/test/anomalous/019.png": 0.14525064826011658, "/root/autodl-tmp/MPDD/tubes/test/anomalous/020.png": 0.1371862143278122, "/root/autodl-tmp/MPDD/tubes/test/anomalous/021.png": 0.15349341928958893, "/root/autodl-tmp/MPDD/tubes/test/anomalous/022.png": 0.15748381614685059, "/root/autodl-tmp/MPDD/tubes/test/anomalous/023.png": 0.1571006327867508, "/root/autodl-tmp/MPDD/tubes/test/anomalous/024.png": 0.1903756707906723, "/root/autodl-tmp/MPDD/tubes/test/anomalous/025.png": 0.213417187333107, "/root/autodl-tmp/MPDD/tubes/test/anomalous/026.png": 0.20230382680892944, "/root/autodl-tmp/MPDD/tubes/test/anomalous/027.png": 0.1962830126285553, "/root/autodl-tmp/MPDD/tubes/test/anomalous/028.png": 0.19330139458179474, "/root/autodl-tmp/MPDD/tubes/test/anomalous/029.png": 0.19725653529167175, "/root/autodl-tmp/MPDD/tubes/test/anomalous/030.png": 0.31001517176628113, "/root/autodl-tmp/MPDD/tubes/test/anomalous/031.png": 0.2932349443435669, "/root/autodl-tmp/MPDD/tubes/test/anomalous/032.png": 0.28211966156959534, "/root/autodl-tmp/MPDD/tubes/test/anomalous/033.png": 0.27307865023612976, "/root/autodl-tmp/MPDD/tubes/test/anomalous/034.png": 0.2926934063434601, "/root/autodl-tmp/MPDD/tubes/test/anomalous/035.png": 0.3168354332447052, "/root/autodl-tmp/MPDD/tubes/test/anomalous/036.png": 0.30906757712364197, "/root/autodl-tmp/MPDD/tubes/test/anomalous/037.png": 0.21162591874599457, "/root/autodl-tmp/MPDD/tubes/test/anomalous/038.png": 0.2148611694574356, "/root/autodl-tmp/MPDD/tubes/test/anomalous/039.png": 0.2279713898897171, "/root/autodl-tmp/MPDD/tubes/test/anomalous/040.png": 0.2394111305475235, "/root/autodl-tmp/MPDD/tubes/test/anomalous/041.png": 0.20270627737045288, "/root/autodl-tmp/MPDD/tubes/test/anomalous/042.png": 0.20910267531871796, "/root/autodl-tmp/MPDD/tubes/test/anomalous/043.png": 0.15231174230575562, "/root/autodl-tmp/MPDD/tubes/test/anomalous/044.png": 0.13102313876152039, "/root/autodl-tmp/MPDD/tubes/test/anomalous/045.png": 0.1783175766468048, "/root/autodl-tmp/MPDD/tubes/test/anomalous/046.png": 0.1827101856470108, "/root/autodl-tmp/MPDD/tubes/test/anomalous/047.png": 0.1727902740240097, "/root/autodl-tmp/MPDD/tubes/test/anomalous/048.png": 0.18665967881679535, "/root/autodl-tmp/MPDD/tubes/test/anomalous/049.png": 0.1972726583480835, "/root/autodl-tmp/MPDD/tubes/test/anomalous/050.png": 0.18893712759017944, "/root/autodl-tmp/MPDD/tubes/test/anomalous/051.png": 0.19528058171272278, "/root/autodl-tmp/MPDD/tubes/test/anomalous/052.png": 0.19096751511096954, "/root/autodl-tmp/MPDD/tubes/test/anomalous/053.png": 0.22535069286823273, "/root/autodl-tmp/MPDD/tubes/test/anomalous/054.png": 0.20837458968162537, "/root/autodl-tmp/MPDD/tubes/test/anomalous/055.png": 0.21600152552127838, "/root/autodl-tmp/MPDD/tubes/test/anomalous/056.png": 0.2097209393978119, "/root/autodl-tmp/MPDD/tubes/test/anomalous/057.png": 0.20071947574615479, "/root/autodl-tmp/MPDD/tubes/test/anomalous/058.png": 0.18441492319107056, "/root/autodl-tmp/MPDD/tubes/test/anomalous/059.png": 0.18385888636112213, "/root/autodl-tmp/MPDD/tubes/test/anomalous/060.png": 0.1730976551771164, "/root/autodl-tmp/MPDD/tubes/test/anomalous/061.png": 0.14567925035953522, "/root/autodl-tmp/MPDD/tubes/test/anomalous/062.png": 0.24976186454296112, "/root/autodl-tmp/MPDD/tubes/test/anomalous/063.png": 0.27985942363739014, "/root/autodl-tmp/MPDD/tubes/test/anomalous/064.png": 0.20116004347801208, "/root/autodl-tmp/MPDD/tubes/test/anomalous/065.png": 0.21750815212726593, "/root/autodl-tmp/MPDD/tubes/test/anomalous/066.png": 0.2230920046567917, "/root/autodl-tmp/MPDD/tubes/test/anomalous/067.png": 0.23115932941436768, "/root/autodl-tmp/MPDD/tubes/test/anomalous/068.png": 0.22284021973609924, "/root/autodl-tmp/MPDD/tubes/test/good/000.png": 0.1114230528473854, "/root/autodl-tmp/MPDD/tubes/test/good/001.png": 0.1150956004858017, "/root/autodl-tmp/MPDD/tubes/test/good/002.png": 0.11064555495977402, "/root/autodl-tmp/MPDD/tubes/test/good/003.png": 0.11144500225782394, "/root/autodl-tmp/MPDD/tubes/test/good/004.png": 0.11222636699676514, "/root/autodl-tmp/MPDD/tubes/test/good/005.png": 0.10741297900676727, "/root/autodl-tmp/MPDD/tubes/test/good/006.png": 0.09737592190504074, "/root/autodl-tmp/MPDD/tubes/test/good/007.png": 0.09716462343931198, "/root/autodl-tmp/MPDD/tubes/test/good/008.png": 0.10849379748106003, "/root/autodl-tmp/MPDD/tubes/test/good/009.png": 0.10767821967601776, "/root/autodl-tmp/MPDD/tubes/test/good/010.png": 0.10472522675991058, "/root/autodl-tmp/MPDD/tubes/test/good/011.png": 0.10563261061906815, "/root/autodl-tmp/MPDD/tubes/test/good/012.png": 0.1087552011013031, "/root/autodl-tmp/MPDD/tubes/test/good/013.png": 0.1084531843662262, "/root/autodl-tmp/MPDD/tubes/test/good/014.png": 0.11838345229625702, "/root/autodl-tmp/MPDD/tubes/test/good/015.png": 0.11774510890245438, "/root/autodl-tmp/MPDD/tubes/test/good/016.png": 0.11665976792573929, "/root/autodl-tmp/MPDD/tubes/test/good/017.png": 0.11821157485246658, "/root/autodl-tmp/MPDD/tubes/test/good/018.png": 0.12472951412200928, "/root/autodl-tmp/MPDD/tubes/test/good/019.png": 0.11854031682014465, "/root/autodl-tmp/MPDD/tubes/test/good/020.png": 0.11088654398918152, "/root/autodl-tmp/MPDD/tubes/test/good/021.png": 0.10537505149841309, "/root/autodl-tmp/MPDD/tubes/test/good/022.png": 0.11087203770875931, "/root/autodl-tmp/MPDD/tubes/test/good/023.png": 0.10884828120470047, "/root/autodl-tmp/MPDD/tubes/test/good/024.png": 0.10854622721672058, "/root/autodl-tmp/MPDD/tubes/test/good/025.png": 0.10764439404010773, "/root/autodl-tmp/MPDD/tubes/test/good/026.png": 0.10730145871639252, "/root/autodl-tmp/MPDD/tubes/test/good/027.png": 0.10407322645187378, "/root/autodl-tmp/MPDD/tubes/test/good/028.png": 0.11304328590631485, "/root/autodl-tmp/MPDD/tubes/test/good/029.png": 0.10594629496335983, "/root/autodl-tmp/MPDD/tubes/test/good/030.png": 0.10226359963417053, "/root/autodl-tmp/MPDD/tubes/test/good/031.png": 0.06962611526250839}