{"/root/autodl-tmp/MPDD/connector/test/good/000.png": 0.08392620831727982, "/root/autodl-tmp/MPDD/connector/test/good/001.png": 0.09078911691904068, "/root/autodl-tmp/MPDD/connector/test/good/002.png": 0.08175820857286453, "/root/autodl-tmp/MPDD/connector/test/good/003.png": 0.0788554698228836, "/root/autodl-tmp/MPDD/connector/test/good/004.png": 0.10675454139709473, "/root/autodl-tmp/MPDD/connector/test/good/005.png": 0.08317689597606659, "/root/autodl-tmp/MPDD/connector/test/good/006.png": 0.10016966611146927, "/root/autodl-tmp/MPDD/connector/test/good/007.png": 0.06876025348901749, "/root/autodl-tmp/MPDD/connector/test/good/008.png": 0.11247162520885468, "/root/autodl-tmp/MPDD/connector/test/good/009.png": 0.061054375022649765, "/root/autodl-tmp/MPDD/connector/test/good/010.png": 0.09123498946428299, "/root/autodl-tmp/MPDD/connector/test/good/011.png": 0.06918663531541824, "/root/autodl-tmp/MPDD/connector/test/good/012.png": 0.07612332701683044, "/root/autodl-tmp/MPDD/connector/test/good/013.png": 0.079006128013134, "/root/autodl-tmp/MPDD/connector/test/good/014.png": 0.08579537272453308, "/root/autodl-tmp/MPDD/connector/test/good/015.png": 0.06475172191858292, "/root/autodl-tmp/MPDD/connector/test/good/016.png": 0.07028067857027054, "/root/autodl-tmp/MPDD/connector/test/good/017.png": 0.0752352774143219, "/root/autodl-tmp/MPDD/connector/test/good/018.png": 0.0737791582942009, "/root/autodl-tmp/MPDD/connector/test/good/019.png": 0.09317082911729813, "/root/autodl-tmp/MPDD/connector/test/good/020.png": 0.05431152880191803, "/root/autodl-tmp/MPDD/connector/test/good/021.png": 0.06961039453744888, "/root/autodl-tmp/MPDD/connector/test/good/022.png": 0.08265982568264008, "/root/autodl-tmp/MPDD/connector/test/good/023.png": 0.0676296055316925, "/root/autodl-tmp/MPDD/connector/test/good/024.png": 0.07557053864002228, "/root/autodl-tmp/MPDD/connector/test/good/025.png": 0.07023827731609344, "/root/autodl-tmp/MPDD/connector/test/good/026.png": 0.055337075144052505, "/root/autodl-tmp/MPDD/connector/test/good/027.png": 0.056865349411964417, "/root/autodl-tmp/MPDD/connector/test/good/028.png": 0.08811663091182709, "/root/autodl-tmp/MPDD/connector/test/good/029.png": 0.08937646448612213, "/root/autodl-tmp/MPDD/connector/test/parts_mismatch/000.png": 0.2003692388534546, "/root/autodl-tmp/MPDD/connector/test/parts_mismatch/001.png": 0.1537400782108307, "/root/autodl-tmp/MPDD/connector/test/parts_mismatch/002.png": 0.1550237089395523, "/root/autodl-tmp/MPDD/connector/test/parts_mismatch/003.png": 0.15176640450954437, "/root/autodl-tmp/MPDD/connector/test/parts_mismatch/004.png": 0.17339102923870087, "/root/autodl-tmp/MPDD/connector/test/parts_mismatch/005.png": 0.16910330951213837, "/root/autodl-tmp/MPDD/connector/test/parts_mismatch/006.png": 0.1656191051006317, "/root/autodl-tmp/MPDD/connector/test/parts_mismatch/007.png": 0.14857982099056244, "/root/autodl-tmp/MPDD/connector/test/parts_mismatch/008.png": 0.1800309270620346, "/root/autodl-tmp/MPDD/connector/test/parts_mismatch/009.png": 0.17022310197353363, "/root/autodl-tmp/MPDD/connector/test/parts_mismatch/010.png": 0.1927395462989807, "/root/autodl-tmp/MPDD/connector/test/parts_mismatch/011.png": 0.19037695229053497, "/root/autodl-tmp/MPDD/connector/test/parts_mismatch/012.png": 0.18177483975887299, "/root/autodl-tmp/MPDD/connector/test/parts_mismatch/013.png": 0.1842895746231079}