{"/root/autodl-tmp/MPDD/metal_plate/test/good/000.png": 0.1233784481883049, "/root/autodl-tmp/MPDD/metal_plate/test/good/001.png": 0.1281999796628952, "/root/autodl-tmp/MPDD/metal_plate/test/good/002.png": 0.14960068464279175, "/root/autodl-tmp/MPDD/metal_plate/test/good/003.png": 0.12684552371501923, "/root/autodl-tmp/MPDD/metal_plate/test/good/004.png": 0.08883019536733627, "/root/autodl-tmp/MPDD/metal_plate/test/good/005.png": 0.11578638106584549, "/root/autodl-tmp/MPDD/metal_plate/test/good/006.png": 0.0914393737912178, "/root/autodl-tmp/MPDD/metal_plate/test/good/007.png": 0.08688005059957504, "/root/autodl-tmp/MPDD/metal_plate/test/good/008.png": 0.08519048243761063, "/root/autodl-tmp/MPDD/metal_plate/test/good/009.png": 0.10648705810308456, "/root/autodl-tmp/MPDD/metal_plate/test/good/010.png": 0.09362874180078506, "/root/autodl-tmp/MPDD/metal_plate/test/good/011.png": 0.0995335578918457, "/root/autodl-tmp/MPDD/metal_plate/test/good/012.png": 0.10233906656503677, "/root/autodl-tmp/MPDD/metal_plate/test/good/013.png": 0.09262281656265259, "/root/autodl-tmp/MPDD/metal_plate/test/good/014.png": 0.08528763800859451, "/root/autodl-tmp/MPDD/metal_plate/test/good/015.png": 0.09989912807941437, "/root/autodl-tmp/MPDD/metal_plate/test/good/016.png": 0.11371424049139023, "/root/autodl-tmp/MPDD/metal_plate/test/good/017.png": 0.09923092275857925, "/root/autodl-tmp/MPDD/metal_plate/test/good/018.png": 0.10351718962192535, "/root/autodl-tmp/MPDD/metal_plate/test/good/019.png": 0.10597776621580124, "/root/autodl-tmp/MPDD/metal_plate/test/good/020.png": 0.10894591361284256, "/root/autodl-tmp/MPDD/metal_plate/test/good/021.png": 0.09613939374685287, "/root/autodl-tmp/MPDD/metal_plate/test/good/022.png": 0.10307609289884567, "/root/autodl-tmp/MPDD/metal_plate/test/good/023.png": 0.10333359986543655, "/root/autodl-tmp/MPDD/metal_plate/test/good/024.png": 0.08479071408510208, "/root/autodl-tmp/MPDD/metal_plate/test/good/025.png": 0.0982518419623375, "/root/autodl-tmp/MPDD/metal_plate/test/major_rust/000.png": 0.29736006259918213, "/root/autodl-tmp/MPDD/metal_plate/test/major_rust/001.png": 0.29425275325775146, "/root/autodl-tmp/MPDD/metal_plate/test/major_rust/002.png": 0.30192431807518005, "/root/autodl-tmp/MPDD/metal_plate/test/major_rust/003.png": 0.3141590356826782, "/root/autodl-tmp/MPDD/metal_plate/test/major_rust/004.png": 0.2875927686691284, "/root/autodl-tmp/MPDD/metal_plate/test/major_rust/005.png": 0.29065313935279846, "/root/autodl-tmp/MPDD/metal_plate/test/major_rust/006.png": 0.3151886761188507, "/root/autodl-tmp/MPDD/metal_plate/test/major_rust/007.png": 0.3073830008506775, "/root/autodl-tmp/MPDD/metal_plate/test/major_rust/008.png": 0.3068200945854187, "/root/autodl-tmp/MPDD/metal_plate/test/major_rust/009.png": 0.30061206221580505, "/root/autodl-tmp/MPDD/metal_plate/test/major_rust/010.png": 0.2879312336444855, "/root/autodl-tmp/MPDD/metal_plate/test/major_rust/011.png": 0.3015560805797577, "/root/autodl-tmp/MPDD/metal_plate/test/major_rust/012.png": 0.32518619298934937, "/root/autodl-tmp/MPDD/metal_plate/test/major_rust/013.png": 0.3064374327659607, "/root/autodl-tmp/MPDD/metal_plate/test/scratches/000.png": 0.27666133642196655, "/root/autodl-tmp/MPDD/metal_plate/test/scratches/001.png": 0.30124735832214355, "/root/autodl-tmp/MPDD/metal_plate/test/scratches/002.png": 0.3211839199066162, "/root/autodl-tmp/MPDD/metal_plate/test/scratches/003.png": 0.33779454231262207, "/root/autodl-tmp/MPDD/metal_plate/test/scratches/004.png": 0.4099525511264801, "/root/autodl-tmp/MPDD/metal_plate/test/scratches/005.png": 0.35963186621665955, "/root/autodl-tmp/MPDD/metal_plate/test/scratches/006.png": 0.37100163102149963, "/root/autodl-tmp/MPDD/metal_plate/test/scratches/007.png": 0.3764697015285492, "/root/autodl-tmp/MPDD/metal_plate/test/scratches/008.png": 0.347261518239975, "/root/autodl-tmp/MPDD/metal_plate/test/scratches/009.png": 0.42136064171791077, "/root/autodl-tmp/MPDD/metal_plate/test/scratches/010.png": 0.40070098638534546, "/root/autodl-tmp/MPDD/metal_plate/test/scratches/011.png": 0.3646356165409088, "/root/autodl-tmp/MPDD/metal_plate/test/scratches/012.png": 0.4649905264377594, "/root/autodl-tmp/MPDD/metal_plate/test/scratches/013.png": 0.3880174458026886, "/root/autodl-tmp/MPDD/metal_plate/test/scratches/014.png": 0.2886158227920532, "/root/autodl-tmp/MPDD/metal_plate/test/scratches/015.png": 0.2875831723213196, "/root/autodl-tmp/MPDD/metal_plate/test/scratches/016.png": 0.30824995040893555, "/root/autodl-tmp/MPDD/metal_plate/test/scratches/017.png": 0.28833305835723877, "/root/autodl-tmp/MPDD/metal_plate/test/scratches/018.png": 0.325872004032135, "/root/autodl-tmp/MPDD/metal_plate/test/scratches/019.png": 0.34404879808425903, "/root/autodl-tmp/MPDD/metal_plate/test/scratches/020.png": 0.30039507150650024, "/root/autodl-tmp/MPDD/metal_plate/test/scratches/021.png": 0.3466116189956665, "/root/autodl-tmp/MPDD/metal_plate/test/scratches/022.png": 0.38882553577423096, "/root/autodl-tmp/MPDD/metal_plate/test/scratches/023.png": 0.3749953508377075, "/root/autodl-tmp/MPDD/metal_plate/test/scratches/024.png": 0.3376512825489044, "/root/autodl-tmp/MPDD/metal_plate/test/scratches/025.png": 0.3144918978214264, "/root/autodl-tmp/MPDD/metal_plate/test/scratches/026.png": 0.309945285320282, "/root/autodl-tmp/MPDD/metal_plate/test/scratches/027.png": 0.27832913398742676, "/root/autodl-tmp/MPDD/metal_plate/test/scratches/028.png": 0.30389922857284546, "/root/autodl-tmp/MPDD/metal_plate/test/scratches/029.png": 0.2890353500843048, "/root/autodl-tmp/MPDD/metal_plate/test/scratches/030.png": 0.32053858041763306, "/root/autodl-tmp/MPDD/metal_plate/test/scratches/031.png": 0.31328651309013367, "/root/autodl-tmp/MPDD/metal_plate/test/scratches/032.png": 0.3077426254749298, "/root/autodl-tmp/MPDD/metal_plate/test/scratches/033.png": 0.31822440028190613, "/root/autodl-tmp/MPDD/metal_plate/test/total_rust/000.png": 0.3060712218284607, "/root/autodl-tmp/MPDD/metal_plate/test/total_rust/001.png": 0.2932650148868561, "/root/autodl-tmp/MPDD/metal_plate/test/total_rust/002.png": 0.31760185956954956, "/root/autodl-tmp/MPDD/metal_plate/test/total_rust/003.png": 0.32287532091140747, "/root/autodl-tmp/MPDD/metal_plate/test/total_rust/004.png": 0.3203164041042328, "/root/autodl-tmp/MPDD/metal_plate/test/total_rust/005.png": 0.345151424407959, "/root/autodl-tmp/MPDD/metal_plate/test/total_rust/006.png": 0.3479195833206177, "/root/autodl-tmp/MPDD/metal_plate/test/total_rust/007.png": 0.32766979932785034, "/root/autodl-tmp/MPDD/metal_plate/test/total_rust/008.png": 0.29808273911476135, "/root/autodl-tmp/MPDD/metal_plate/test/total_rust/009.png": 0.2988949716091156, "/root/autodl-tmp/MPDD/metal_plate/test/total_rust/010.png": 0.30597302317619324, "/root/autodl-tmp/MPDD/metal_plate/test/total_rust/011.png": 0.3039802312850952, "/root/autodl-tmp/MPDD/metal_plate/test/total_rust/012.png": 0.320634126663208, "/root/autodl-tmp/MPDD/metal_plate/test/total_rust/013.png": 0.29955944418907166, "/root/autodl-tmp/MPDD/metal_plate/test/total_rust/014.png": 0.3069865107536316, "/root/autodl-tmp/MPDD/metal_plate/test/total_rust/015.png": 0.2448302060365677, "/root/autodl-tmp/MPDD/metal_plate/test/total_rust/016.png": 0.27777987718582153, "/root/autodl-tmp/MPDD/metal_plate/test/total_rust/017.png": 0.25422483682632446, "/root/autodl-tmp/MPDD/metal_plate/test/total_rust/018.png": 0.3026396930217743, "/root/autodl-tmp/MPDD/metal_plate/test/total_rust/019.png": 0.3370979130268097, "/root/autodl-tmp/MPDD/metal_plate/test/total_rust/020.png": 0.3231489360332489, "/root/autodl-tmp/MPDD/metal_plate/test/total_rust/021.png": 0.2912965416908264, "/root/autodl-tmp/MPDD/metal_plate/test/total_rust/022.png": 0.32069382071495056}